GEO_ID,Total Population,White Population,Black Population,American Indian Population,Asian Population,Native Hawaiian and Other Pacific Islander Population,Hispanic or Latino Population,Some other race,Year
371190001011,708,376,132,17,43,0,39,101,2020
371190001012,395,115,0,0,100,0,180,0,2020
371190001021,1009,600,68,75,31,0,235,0,2020
371190001022,1305,1010,46,0,127,0,98,24,2020
371190001031,2137,1098,367,0,362,0,168,142,2020
371190001041,1156,1074,14,0,50,0,18,0,2020
371190003011,613,559,4,0,39,0,11,0,2020
371190003021,237,154,57,0,0,0,12,14,2020
371190003022,412,111,214,0,0,0,71,16,2020
371190004011,1722,1383,212,0,84,0,20,23,2020
371190004021,958,830,51,0,36,0,15,26,2020
371190004022,1215,1025,54,0,10,0,33,93,2020
371190005011,348,260,0,0,0,0,72,16,2020
371190005012,1773,956,725,3,7,0,55,27,2020
371190005021,1291,783,207,0,47,0,240,14,2020
371190005031,1917,1083,567,0,0,0,161,106,2020
371190005032,154,123,31,0,0,0,0,0,2020
371190006001,1629,640,797,0,92,0,44,56,2020
371190006002,510,299,85,0,93,0,10,23,2020
371190006003,820,462,281,0,5,0,42,30,2020
371190007001,622,422,136,0,26,0,38,0,2020
371190007002,437,126,250,13,39,0,9,0,2020
371190008001,2140,509,1357,0,65,135,28,46,2020
371190008002,984,125,811,0,6,0,12,30,2020
371190009001,460,231,207,5,11,0,0,6,2020
371190009002,1331,573,613,0,57,0,81,7,2020
371190010001,1220,1131,13,0,22,0,41,13,2020
371190010002,387,339,30,0,0,0,0,18,2020
371190010003,1323,942,188,0,42,0,100,51,2020
371190011001,1598,1382,8,0,114,0,74,20,2020
371190011002,372,354,0,0,0,0,13,5,2020
371190011003,1427,1128,224,0,0,0,0,75,2020
371190012001,1981,538,632,0,9,0,753,49,2020
371190012002,1101,640,361,0,68,0,32,0,2020
371190012003,1747,1552,63,0,119,0,13,0,2020
371190013001,2568,1054,869,0,53,0,535,57,2020
371190013002,946,414,497,0,17,0,18,0,2020
371190013003,710,503,101,0,53,0,15,38,2020
371190014001,1614,886,410,27,52,0,218,21,2020
371190014002,1809,983,411,0,75,0,217,123,2020
371190015041,3406,345,2012,0,0,0,871,178,2020
371190015042,2165,266,1004,0,471,0,260,164,2020
371190015043,1848,183,913,0,69,0,585,98,2020
371190015051,1243,523,486,2,70,0,162,0,2020
371190015052,2888,359,357,0,29,0,2095,48,2020
371190015071,2673,108,408,0,0,0,2157,0,2020
371190015072,1420,245,940,0,0,0,235,0,2020
371190015073,1209,83,921,0,0,0,176,29,2020
371190015081,2740,631,1421,94,0,0,594,0,2020
371190015082,3132,730,1318,0,93,0,862,129,2020
371190015083,704,15,344,0,0,0,345,0,2020
371190015091,1527,43,1234,0,18,0,202,30,2020
371190015092,2477,80,1477,0,8,0,886,26,2020
371190015101,2444,109,1712,0,151,0,312,160,2020
371190015102,993,129,526,0,338,0,0,0,2020
371190016031,2059,907,844,0,22,0,208,78,2020
371190016032,993,203,496,9,0,0,285,0,2020
371190016033,1479,618,117,0,201,0,543,0,2020
371190016051,1771,594,534,0,93,19,464,67,2020
371190016061,2861,595,820,0,426,0,932,88,2020
371190016062,1739,484,260,0,285,0,701,9,2020
371190016071,2947,325,1505,0,56,0,1037,24,2020
371190016081,2579,292,847,0,224,0,1165,51,2020
371190016082,1802,345,962,0,65,0,303,127,2020
371190016091,563,25,494,0,33,0,11,0,2020
371190016092,2593,367,859,0,113,0,1136,118,2020
371190017011,1759,1077,390,60,12,0,177,43,2020
371190017012,2393,484,502,0,349,0,980,78,2020
371190017021,1289,653,396,0,24,0,167,49,2020
371190017022,903,635,178,0,0,0,90,0,2020
371190017023,1075,447,446,0,0,0,157,25,2020
371190017024,3730,90,1070,0,300,0,2077,193,2020
371190018011,383,187,161,0,13,0,22,0,2020
371190018012,263,220,27,0,0,0,16,0,2020
371190018013,662,320,307,0,0,0,35,0,2020
371190018021,1659,863,555,0,97,0,136,8,2020
371190018022,1836,1101,464,26,95,0,132,18,2020
371190019101,2006,116,708,39,0,0,1044,99,2020
371190019102,1725,244,737,0,436,0,308,0,2020
371190019103,1750,148,606,0,484,0,471,41,2020
371190019111,1229,321,369,11,186,0,293,49,2020
371190019112,2418,327,1490,0,257,0,344,0,2020
371190019113,2479,911,950,0,66,0,412,140,2020
371190019141,2115,209,1173,0,102,0,579,52,2020
371190019142,1891,1294,126,0,194,0,209,68,2020
371190019161,2047,569,464,0,339,0,665,10,2020
371190019162,2314,751,1177,0,69,0,290,27,2020
371190019171,2198,684,522,0,93,0,860,39,2020
371190019172,2143,882,731,0,0,0,463,67,2020
371190019181,408,188,150,0,0,0,70,0,2020
371190019182,2492,344,1323,65,159,0,601,0,2020
371190019183,1595,151,802,0,0,0,642,0,2020
371190019191,1421,403,164,0,275,0,504,75,2020
371190019192,1414,604,506,0,16,0,220,68,2020
371190019193,1439,224,408,9,26,0,757,15,2020
371190019201,2751,76,1114,0,279,0,1256,26,2020
371190019202,2107,460,448,0,9,0,1190,0,2020
371190019203,1963,512,776,0,208,0,467,0,2020
371190019211,2795,518,939,12,468,16,724,118,2020
371190019221,2376,364,1102,0,86,0,750,74,2020
371190019222,2974,851,1441,37,33,0,532,80,2020
371190019231,3275,769,1262,53,29,0,1162,0,2020
371190019232,1346,462,462,0,26,0,384,12,2020
371190019241,2700,274,906,0,782,0,590,148,2020
371190019251,1076,106,678,0,48,0,244,0,2020
371190019252,594,122,440,0,0,0,0,32,2020
371190019253,2742,182,1721,51,48,0,644,96,2020
371190019261,1713,426,890,0,96,0,246,55,2020
371190019262,1904,427,1080,0,14,0,298,85,2020
371190019271,1198,194,678,0,0,0,326,0,2020
371190019272,1899,198,911,0,0,0,682,108,2020
371190020041,1167,1100,41,0,0,0,26,0,2020
371190020042,1933,1448,3,0,32,0,429,21,2020
371190020043,2195,397,1487,0,10,0,76,225,2020
371190020051,1011,853,29,0,0,0,125,4,2020
371190020052,1725,1082,97,0,341,0,194,11,2020
371190020061,2368,2177,65,0,42,20,64,0,2020
371190020062,1522,1471,48,0,0,0,3,0,2020
371190020071,1197,714,76,0,127,0,280,0,2020
371190020072,1300,299,630,44,107,0,119,101,2020
371190020081,1137,1078,0,0,0,0,59,0,2020
371190020082,1578,842,571,0,165,0,0,0,2020
371190020083,465,445,0,0,20,0,0,0,2020
371190021001,945,538,268,0,0,0,18,121,2020
371190021002,2051,1312,336,0,260,0,84,59,2020
371190022011,1390,966,126,0,112,0,141,45,2020
371190022012,1181,1005,4,0,0,0,172,0,2020
371190022021,957,812,39,0,14,0,58,34,2020
371190022022,2031,1924,69,0,0,0,17,21,2020
371190023001,494,45,365,0,0,0,76,8,2020
371190023002,2916,47,2663,0,18,0,114,74,2020
371190024001,1901,1513,134,33,23,0,139,59,2020
371190024002,932,760,58,0,8,0,25,81,2020
371190024003,494,476,18,0,0,0,0,0,2020
371190025001,1348,1107,24,0,14,0,140,63,2020
371190025002,714,614,63,0,4,0,13,20,2020
371190026001,1166,656,364,13,65,0,27,41,2020
371190027011,1100,1077,0,0,23,0,0,0,2020
371190027012,1180,1034,62,0,17,0,60,7,2020
371190027013,698,698,0,0,0,0,0,0,2020
371190027021,2604,2379,126,2,10,0,59,28,2020
371190027022,2407,2197,0,0,118,0,61,31,2020
371190027023,849,781,0,0,0,0,68,0,2020
371190028001,859,847,0,0,0,0,12,0,2020
371190028002,1143,1097,46,0,0,0,0,0,2020
371190028003,1948,1846,0,3,19,0,33,47,2020
371190029031,1128,986,0,0,47,0,95,0,2020
371190029032,969,941,0,0,9,0,0,19,2020
371190029033,1707,1273,222,0,90,0,34,88,2020
371190029051,1938,1844,5,7,51,0,0,31,2020
371190029052,1257,1136,32,0,31,0,58,0,2020
371190029071,1656,924,53,0,667,0,0,12,2020
371190029072,1899,1707,15,0,122,0,41,14,2020
371190029081,1372,1229,0,0,14,0,116,13,2020
371190029082,593,506,49,0,13,0,0,25,2020
371190029083,1365,1299,49,0,0,0,17,0,2020
371190029091,1820,1687,0,0,97,0,0,36,2020
371190029101,806,740,0,0,51,0,15,0,2020
371190029102,1162,715,129,51,44,0,17,206,2020
371190029103,1196,1176,0,0,0,0,20,0,2020
371190030061,1930,1636,255,0,39,0,0,0,2020
371190030062,2698,2158,92,0,253,0,149,46,2020
371190030081,3058,2920,21,0,48,0,60,9,2020
371190030082,1372,633,218,0,166,0,355,0,2020
371190030083,1976,1456,47,0,63,0,246,164,2020
371190030121,1848,1753,19,0,0,0,69,7,2020
371190030122,2591,1573,536,0,179,0,226,77,2020
371190030131,2261,2089,21,0,91,0,60,0,2020
371190030132,2265,2161,0,0,104,0,0,0,2020
371190030151,1545,1349,19,0,48,0,44,85,2020
371190030152,2472,1840,369,0,10,0,234,19,2020
371190030153,1643,1400,25,10,208,0,0,0,2020
371190030161,2191,1268,248,0,519,0,85,71,2020
371190030162,896,797,11,0,56,0,0,32,2020
371190030163,1780,712,59,0,810,0,88,111,2020
371190030171,1480,1119,197,0,0,0,164,0,2020
371190030172,2399,2070,94,0,115,0,37,83,2020
371190030181,2694,2106,353,0,122,0,84,29,2020
371190030191,882,835,0,0,47,0,0,0,2020
371190030192,985,728,97,0,0,0,80,80,2020
371190030201,1699,1490,50,0,88,0,71,0,2020
371190030202,2148,1879,234,0,0,0,35,0,2020
371190030203,1006,987,0,0,0,0,0,19,2020
371190030211,1387,1107,0,0,91,0,99,90,2020
371190030212,1722,1475,140,0,64,0,43,0,2020
371190030221,1568,1291,98,0,122,0,0,57,2020
371190030222,814,757,0,0,0,0,57,0,2020
371190030223,1761,1471,24,0,98,0,30,138,2020
371190031021,2225,1629,158,150,170,0,53,65,2020
371190031022,991,841,0,0,0,0,150,0,2020
371190031023,1283,100,359,0,41,0,684,99,2020
371190031051,1358,1269,7,0,4,0,11,67,2020
371190031052,2591,2287,70,0,26,0,208,0,2020
371190031061,2926,990,182,0,62,0,1644,48,2020
371190031062,1888,1108,478,11,133,0,124,34,2020
371190031081,1554,229,621,22,0,0,663,19,2020
371190031082,2309,863,176,10,48,0,1198,14,2020
371190031091,2595,333,1054,0,48,0,1117,43,2020
371190031092,1647,166,450,0,30,0,986,15,2020
371190031101,2177,1753,0,0,34,0,272,118,2020
371190031111,1784,1500,75,0,0,0,209,0,2020
371190031112,640,566,0,0,0,0,74,0,2020
371190031113,741,583,0,0,74,0,84,0,2020
371190032011,1348,961,18,0,0,0,369,0,2020
371190032012,1619,963,303,12,20,0,278,43,2020
371190032031,1902,1265,306,0,70,0,168,93,2020
371190032032,725,516,85,0,10,0,88,26,2020
371190032041,867,750,0,0,12,0,85,20,2020
371190032042,1550,1115,265,0,29,0,106,35,2020
371190032043,919,789,0,0,18,0,77,35,2020
371190033011,404,357,9,0,0,0,0,38,2020
371190033012,688,610,48,0,0,0,30,0,2020
371190033021,1657,1469,67,0,40,0,14,67,2020
371190033022,1055,683,62,0,13,0,248,49,2020
371190034011,565,433,8,0,0,0,124,0,2020
371190034012,1089,781,31,0,9,0,240,28,2020
371190034021,1538,1368,15,0,40,0,115,0,2020
371190034022,1064,941,20,5,15,0,2,81,2020
371190034023,1594,1489,0,0,72,0,0,33,2020
371190035001,1513,1396,19,0,52,0,12,34,2020
371190035002,1168,973,10,0,71,0,37,77,2020
371190036001,1176,733,245,32,10,0,76,80,2020
371190036002,913,617,185,0,49,0,54,8,2020
371190036003,970,44,731,0,0,0,195,0,2020
371190036004,770,115,446,0,0,0,209,0,2020
371190037011,1277,1163,35,0,46,0,10,23,2020
371190037012,445,0,445,0,0,0,0,0,2020
371190037021,1160,1067,41,0,0,0,25,27,2020
371190037022,1176,0,1069,0,0,0,107,0,2020
371190038021,1038,0,849,0,64,0,125,0,2020
371190038022,2058,8,1854,0,0,0,171,25,2020
371190038023,91,53,35,2,0,0,1,0,2020
371190038051,757,429,146,0,74,0,14,94,2020
371190038052,3079,968,567,4,921,0,542,77,2020
371190038071,1794,174,577,0,173,0,855,15,2020
371190038072,3008,307,1431,0,0,0,1223,47,2020
371190038081,1996,19,385,0,0,0,1592,0,2020
371190038082,778,87,41,2,0,0,648,0,2020
371190038083,4456,202,1660,12,77,0,2495,10,2020
371190038091,938,427,117,0,24,0,370,0,2020
371190038092,2351,277,1727,0,250,0,64,33,2020
371190038101,1834,126,376,0,0,0,1332,0,2020
371190038102,3037,400,1045,0,982,0,610,0,2020
371190038111,2113,261,1248,0,0,0,520,84,2020
371190039021,1303,97,731,0,146,0,232,97,2020
371190039022,1507,59,1402,0,0,0,46,0,2020
371190039023,823,47,776,0,0,0,0,0,2020
371190039024,1439,55,1080,0,47,0,107,150,2020
371190039031,765,8,639,0,18,0,100,0,2020
371190039032,1144,84,751,0,129,0,180,0,2020
371190040001,819,58,729,12,0,0,20,0,2020
371190040002,870,109,421,0,176,0,122,42,2020
371190040003,1875,218,1296,33,148,0,119,61,2020
371190040004,1238,268,814,0,0,0,51,105,2020
371190041011,964,495,249,0,6,0,214,0,2020
371190041012,457,53,396,0,0,0,0,8,2020
371190041021,976,30,777,0,0,0,130,39,2020
371190041022,1715,1094,322,0,183,0,81,35,2020
371190042001,492,25,467,0,0,0,0,0,2020
371190042002,973,154,770,0,0,0,1,48,2020
371190042003,333,20,268,0,1,0,21,23,2020
371190042004,1387,307,896,0,0,0,91,93,2020
371190043021,930,209,652,0,0,0,25,44,2020
371190043022,2336,154,1865,0,253,0,41,23,2020
371190043023,1266,9,1102,0,0,0,77,78,2020
371190043031,2388,481,1311,0,200,0,356,40,2020
371190043041,3272,195,2309,0,330,0,406,32,2020
371190043042,972,33,660,0,0,0,279,0,2020
371190043061,1268,120,940,0,0,0,76,132,2020
371190043062,3155,0,2020,0,0,0,1012,123,2020
371190043071,5039,904,3037,0,378,0,611,109,2020
371190044001,826,213,364,0,48,0,201,0,2020
371190044002,1165,25,1131,0,0,0,9,0,2020
371190044003,1475,231,867,0,267,0,110,0,2020
371190045001,1080,7,1053,0,0,0,0,20,2020
371190045002,1248,14,980,151,40,0,24,39,2020
371190045003,833,181,545,0,0,0,13,94,2020
371190046001,1374,39,1318,0,0,0,10,7,2020
371190046002,1071,0,1034,11,0,0,10,16,2020
371190047001,1876,569,1079,0,47,10,118,53,2020
371190048001,1328,62,963,0,0,0,294,9,2020
371190048002,1232,0,1218,0,0,0,14,0,2020
371190048003,877,53,799,0,0,0,19,6,2020
371190049001,790,44,742,0,0,0,4,0,2020
371190050001,1115,28,1074,0,7,0,0,6,2020
371190050002,1271,335,798,3,61,0,46,28,2020
371190051001,1038,77,771,4,65,0,77,44,2020
371190051002,1350,174,1156,0,0,0,20,0,2020
371190052001,233,8,207,0,0,0,18,0,2020
371190052002,501,9,446,0,0,0,9,37,2020
371190052003,908,137,744,0,0,0,22,5,2020
371190053011,3568,366,1791,0,30,0,1381,0,2020
371190053012,683,109,213,14,24,0,323,0,2020
371190053051,569,17,457,0,0,0,87,8,2020
371190053052,1857,0,1158,0,0,0,688,11,2020
371190053053,2398,111,1795,0,0,0,422,70,2020
371190053061,557,62,338,0,0,0,148,9,2020
371190053062,1697,261,673,26,0,0,737,0,2020
371190053071,2354,91,1331,0,82,0,755,95,2020
371190053072,1692,167,848,0,43,0,605,29,2020
371190053081,1797,183,662,0,71,6,868,7,2020
371190053082,709,4,308,0,0,0,392,5,2020
371190054031,4360,454,2359,0,207,0,838,502,2020
371190054032,1252,239,812,35,0,0,166,0,2020
371190054041,2897,244,2087,0,32,0,526,8,2020
371190054042,1878,398,1015,0,81,0,339,45,2020
371190054051,1796,155,1558,0,0,0,34,49,2020
371190054052,1254,109,731,0,44,0,334,36,2020
371190054061,1944,6,1908,0,0,0,0,30,2020
371190054062,1430,32,1398,0,0,0,0,0,2020
371190055081,2110,1079,788,0,30,0,166,47,2020
371190055082,2154,1075,866,0,38,0,69,106,2020
371190055101,2454,224,681,0,94,0,1455,0,2020
371190055102,2948,319,2389,0,0,0,203,37,2020
371190055103,1279,224,750,0,46,0,218,41,2020
371190055111,1069,100,837,0,0,0,115,17,2020
371190055112,1497,440,885,0,110,0,49,13,2020
371190055113,1244,391,784,0,13,0,42,14,2020
371190055121,1130,86,993,0,19,0,32,0,2020
371190055122,1640,263,950,10,38,0,379,0,2020
371190055123,2564,308,1659,41,59,0,421,76,2020
371190055131,1997,333,1110,18,295,0,169,72,2020
371190055132,1106,651,340,0,38,0,77,0,2020
371190055133,1199,470,432,0,72,0,61,164,2020
371190055151,2335,1434,531,0,166,0,58,146,2020
371190055161,2124,978,984,0,22,0,97,43,2020
371190055171,911,748,97,0,0,0,66,0,2020
371190055172,1121,448,534,0,8,0,109,22,2020
371190055173,2056,932,778,0,75,0,230,41,2020
371190055191,2643,1657,560,0,122,0,228,76,2020
371190055192,674,41,230,0,351,0,44,8,2020
371190055193,2133,711,1069,25,77,4,247,0,2020
371190055201,594,192,114,0,0,0,273,15,2020
371190055202,2319,427,1225,0,557,0,72,38,2020
371190055203,2180,688,766,0,507,0,95,124,2020
371190055221,1998,984,765,0,220,0,29,0,2020
371190055222,1803,709,741,0,113,0,220,20,2020
371190055223,1022,350,404,0,126,0,0,142,2020
371190055251,1883,421,680,0,80,0,638,64,2020
371190055252,2271,218,1533,0,286,0,70,164,2020
371190055261,1868,645,730,0,211,0,255,27,2020
371190055262,554,55,459,0,0,0,20,20,2020
371190055271,2875,1299,1071,8,57,0,440,0,2020
371190055281,1635,689,821,0,21,0,30,74,2020
371190055282,2433,936,1375,0,57,0,32,33,2020
371190055291,1555,333,1038,0,41,0,137,6,2020
371190055301,2810,861,1119,0,722,0,44,64,2020
371190055302,396,155,241,0,0,0,0,0,2020
371190055311,1546,303,1071,0,108,0,0,64,2020
371190055312,4664,3361,1014,0,0,22,116,151,2020
371190055321,1273,707,214,0,352,0,0,0,2020
371190055322,2143,575,673,0,830,0,65,0,2020
371190055331,954,373,491,0,0,0,80,10,2020
371190055341,694,547,45,0,35,0,40,27,2020
371190055342,2559,675,1007,43,654,0,27,153,2020
371190055343,2117,706,917,0,288,0,53,153,2020
371190055351,1112,196,161,12,629,0,40,74,2020
371190055352,2886,606,1745,37,86,0,271,141,2020
371190055361,767,72,0,0,599,0,0,96,2020
371190055362,1774,174,1546,0,14,0,0,40,2020
371190055363,1721,780,852,0,49,0,0,40,2020
371190055364,2025,956,591,0,116,0,362,0,2020
371190056041,2296,925,1047,0,137,0,62,125,2020
371190056042,2239,1351,555,0,126,5,118,84,2020
371190056043,1470,953,281,0,75,0,74,87,2020
371190056091,1989,617,1078,0,99,0,88,107,2020
371190056092,1478,442,276,0,679,0,11,70,2020
371190056101,865,322,456,61,26,0,0,0,2020
371190056102,1989,667,1002,0,69,0,251,0,2020
371190056111,755,182,206,0,62,0,178,127,2020
371190056112,2869,463,2044,0,136,0,137,89,2020
371190056121,2747,668,1173,0,60,0,627,219,2020
371190056122,2875,831,1261,0,225,0,456,102,2020
371190056131,3515,421,2107,0,187,0,686,114,2020
371190056151,2085,444,1340,0,102,0,184,15,2020
371190056161,2128,509,991,0,52,0,546,30,2020
371190056171,2080,575,1049,0,20,0,340,96,2020
371190056172,55,55,0,0,0,0,0,0,2020
371190056181,1836,1017,590,0,8,0,156,65,2020
371190056182,1507,186,1086,69,51,0,26,89,2020
371190056191,2764,643,1555,0,117,0,371,78,2020
371190056192,2003,736,1046,3,13,0,149,56,2020
371190056211,3249,1978,776,9,143,0,249,94,2020
371190056212,848,328,322,0,23,0,163,12,2020
371190056213,1004,458,514,0,6,0,8,18,2020
371190056221,768,381,326,0,19,0,20,22,2020
371190056222,1544,484,557,0,21,0,273,209,2020
371190056231,2422,449,1671,0,113,0,166,23,2020
371190056232,1561,433,676,0,177,0,128,147,2020
371190056241,2176,527,1275,0,99,0,186,89,2020
371190056251,3901,913,2230,0,111,21,241,385,2020
371190056252,2735,590,1647,0,261,0,211,26,2020
371190056261,3319,622,1950,0,36,0,524,187,2020
371190056271,1832,347,1077,0,59,0,305,44,2020
371190056272,2834,636,1485,0,11,0,642,60,2020
371190056273,2565,929,1429,100,24,0,66,17,2020
371190057091,2485,1680,717,0,36,0,24,28,2020
371190057092,2731,1806,315,18,255,0,262,75,2020
371190057101,2031,886,395,0,152,0,560,38,2020
371190057102,2614,804,1111,0,67,0,517,115,2020
371190057121,2706,2218,190,18,22,0,128,130,2020
371190057122,1335,1202,0,0,23,0,110,0,2020
371190057131,2373,1888,269,0,140,0,23,53,2020
371190057132,1990,1656,45,0,0,0,276,13,2020
371190057141,2754,2193,476,0,45,0,39,1,2020
371190057142,1837,1449,107,0,176,0,13,92,2020
371190057143,1650,1505,0,0,80,0,13,52,2020
371190057151,2523,1925,252,0,10,0,325,11,2020
371190057161,2109,1398,168,0,190,0,321,32,2020
371190057162,4063,728,1647,42,134,0,1452,60,2020
371190057181,1772,1110,565,0,0,0,97,0,2020
371190057182,2063,1028,451,0,113,0,339,132,2020
371190057191,2021,1488,263,0,37,0,197,36,2020
371190057192,1588,1280,164,0,133,0,11,0,2020
371190057201,2228,1733,190,0,264,0,20,21,2020
371190057211,382,322,8,0,15,0,0,37,2020
371190057212,3672,3258,259,0,67,0,88,0,2020
371190057221,2667,1546,552,19,145,0,324,81,2020
371190057231,2248,737,707,25,438,0,303,38,2020
371190057232,1295,550,328,19,169,0,185,44,2020
371190058111,2047,1445,71,0,164,0,332,35,2020
371190058112,618,376,173,0,36,0,20,13,2020
371190058113,1650,1256,84,0,90,0,197,23,2020
371190058151,2944,2220,169,0,294,0,171,90,2020
371190058152,802,630,58,0,7,0,38,69,2020
371190058161,3519,2715,300,0,81,0,353,70,2020
371190058162,1015,630,172,76,29,0,36,72,2020
371190058171,1040,914,11,0,37,0,55,23,2020
371190058172,3350,2594,165,0,462,0,56,73,2020
371190058241,3194,30,1440,0,124,0,1487,113,2020
371190058242,1507,965,159,0,73,0,239,71,2020
371190058261,586,365,8,0,0,0,194,19,2020
371190058262,2693,1106,384,0,73,0,969,161,2020
371190058271,2550,674,1078,0,81,0,552,165,2020
371190058281,2372,2101,168,0,35,0,68,0,2020
371190058282,472,427,0,0,13,0,0,32,2020
371190058283,880,690,92,0,8,0,70,20,2020
371190058291,700,247,369,0,36,0,18,30,2020
371190058292,1291,274,242,0,19,0,722,34,2020
371190058301,1557,844,537,14,0,0,155,7,2020
371190058302,2157,1534,149,0,20,0,384,70,2020
371190058321,3001,2345,131,0,225,0,201,99,2020
371190058331,960,853,0,0,42,0,34,31,2020
371190058332,3309,2770,142,0,126,0,83,188,2020
371190058333,1709,1237,396,0,3,0,73,0,2020
371190058341,3323,2272,506,0,24,0,247,274,2020
371190058342,1478,1246,153,0,29,0,26,24,2020
371190058351,2965,2545,14,58,170,0,148,30,2020
371190058361,2202,1371,198,0,108,0,446,79,2020
371190058362,950,653,134,0,58,0,101,4,2020
371190058391,1042,400,106,0,202,0,175,159,2020
371190058392,1458,1363,12,0,19,0,15,49,2020
371190058401,2159,1581,351,0,32,0,147,48,2020
371190058431,1238,677,194,0,234,0,70,63,2020
371190058432,1881,794,310,0,288,0,432,57,2020
371190058451,1064,768,9,0,230,0,35,22,2020
371190058452,3457,978,304,0,1232,0,222,721,2020
371190058453,1035,639,63,0,253,0,41,39,2020
371190058461,1569,1303,56,0,170,0,34,6,2020
371190058462,2109,1835,55,0,77,0,107,35,2020
371190058471,2063,1605,2,0,370,0,60,26,2020
371190058472,2348,1838,34,0,217,0,23,236,2020
371190058473,895,301,184,0,371,0,16,23,2020
371190058481,2271,1564,212,0,292,0,184,19,2020
371190058482,1988,1786,9,0,98,0,65,30,2020
371190058483,884,647,19,0,24,0,146,48,2020
371190058491,419,394,0,0,0,0,25,0,2020
371190058492,2623,1761,140,0,503,0,142,77,2020
371190058501,1756,1413,30,0,48,0,171,94,2020
371190058511,2071,1106,567,0,56,0,337,5,2020
371190058512,2670,1424,529,0,298,0,101,318,2020
371190058521,2522,2033,169,0,23,0,62,235,2020
371190058531,2076,955,261,0,91,0,729,40,2020
371190058532,296,200,44,30,0,0,22,0,2020
371190058541,2653,853,154,0,873,0,178,595,2020
371190058551,1818,1098,59,0,386,0,251,24,2020
371190058552,1285,958,300,0,0,0,27,0,2020
371190058553,1996,1456,252,0,227,0,42,19,2020
371190058561,2422,1253,159,89,853,0,0,68,2020
371190058571,1971,845,452,0,500,0,110,64,2020
371190058581,1306,380,153,0,235,0,469,69,2020
371190058582,2380,1212,427,0,624,0,65,52,2020
371190058591,2701,1656,244,0,693,0,68,40,2020
371190058601,3004,2085,119,10,561,0,151,78,2020
371190058602,1399,1162,16,0,88,0,133,0,2020
371190058611,1712,1191,108,0,349,0,64,0,2020
371190058612,1154,994,0,0,0,0,160,0,2020
371190058621,3158,2580,66,0,257,0,103,152,2020
371190058631,2205,1777,63,0,208,0,157,0,2020
371190058632,2066,1148,504,0,334,0,34,46,2020
371190058641,1483,1059,24,0,189,0,211,0,2020
371190058642,3276,1793,145,0,1099,0,23,216,2020
371190058651,2289,1606,231,0,199,0,205,48,2020
371190058661,2044,1007,504,0,0,0,533,0,2020
371190058662,1939,551,869,0,0,0,369,150,2020
371190058663,428,172,53,0,170,0,0,33,2020
371190058671,536,108,76,0,207,0,65,80,2020
371190058672,2384,971,997,0,205,0,205,6,2020
371190058681,2431,1751,260,19,51,0,131,219,2020
371190059081,1680,1270,249,0,86,0,16,59,2020
371190059101,2615,610,1246,0,220,0,401,138,2020
371190059102,3380,784,1014,0,79,44,625,834,2020
371190059131,1560,152,484,0,79,0,845,0,2020
371190059132,2529,701,556,0,947,0,283,42,2020
371190059133,1766,873,341,0,175,0,372,5,2020
371190059134,1135,223,387,0,44,0,446,35,2020
371190059151,365,83,238,0,9,0,28,7,2020
371190059152,2345,398,1439,0,55,0,312,141,2020
371190059161,1304,225,463,0,180,0,318,118,2020
371190059162,1370,16,961,0,0,0,364,29,2020
371190059181,1318,558,176,17,0,0,505,62,2020
371190059182,959,329,456,39,10,0,114,11,2020
371190059183,2521,778,545,0,176,0,1022,0,2020
371190059191,2032,1155,474,0,91,0,302,10,2020
371190059192,864,221,0,0,48,0,576,19,2020
371190059201,1495,370,253,0,7,0,827,38,2020
371190059202,363,237,0,0,0,0,55,71,2020
371190059211,2773,1021,1267,0,241,0,152,92,2020
371190059221,2380,926,735,0,261,0,413,45,2020
371190059222,1855,632,935,0,27,0,129,132,2020
371190059231,2398,575,1245,0,80,0,311,187,2020
371190059232,2573,472,1195,0,657,0,249,0,2020
371190059241,4082,2065,1061,0,58,0,898,0,2020
371190059242,2113,1082,529,0,264,0,238,0,2020
371190059251,3213,1648,1097,0,36,0,333,99,2020
371190059261,3428,2195,891,0,154,0,150,38,2020
371190059262,1125,860,40,0,172,0,16,37,2020
371190059271,6364,1145,3541,0,253,0,1311,114,2020
371190059272,1339,148,997,0,98,0,77,19,2020
371190059281,1725,991,458,0,0,0,276,0,2020
371190059291,3460,1090,1363,0,238,0,609,160,2020
371190059292,1213,676,486,0,2,0,44,5,2020
371190059301,2526,1010,697,0,128,0,682,9,2020
371190059311,1218,367,784,0,0,0,67,0,2020
371190059312,2722,1086,616,0,54,0,809,157,2020
371190059321,2559,787,1059,0,430,71,84,128,2020
371190060051,1569,376,751,0,46,0,358,38,2020
371190060052,1828,777,569,0,115,0,339,28,2020
371190060081,1591,739,809,0,0,0,18,25,2020
371190060082,2106,807,823,0,287,0,75,114,2020
371190060091,1521,610,504,9,126,0,197,75,2020
371190060092,2151,446,1392,32,76,0,125,80,2020
371190060111,2929,969,1626,0,12,0,232,90,2020
371190060121,2677,411,1480,0,157,0,486,143,2020
371190060122,2460,1294,193,2,584,0,345,42,2020
371190060131,1185,97,841,0,151,0,96,0,2020
371190060132,3695,254,3084,0,59,0,288,10,2020
371190060141,1426,804,192,0,49,0,359,22,2020
371190060142,2130,1305,689,0,0,0,136,0,2020
371190060151,1345,1029,316,0,0,0,0,0,2020
371190060152,2598,462,1361,0,75,0,613,87,2020
371190060161,991,120,479,0,167,0,225,0,2020
371190060162,1638,132,945,0,384,0,0,177,2020
371190061031,2011,1246,559,0,107,0,30,69,2020
371190061032,1780,892,578,0,0,0,59,251,2020
371190061051,2868,788,1705,0,43,0,221,111,2020
371190061081,2730,611,1568,0,67,0,422,62,2020
371190061082,1714,331,1141,0,37,0,165,40,2020
371190061091,3946,568,3207,0,0,0,145,26,2020
371190061101,1572,583,949,0,0,0,40,0,2020
371190061102,1397,184,893,0,0,0,168,152,2020
371190061103,2844,820,1942,0,0,0,1,81,2020
371190061111,1541,595,750,0,0,0,143,53,2020
371190061112,1581,766,522,4,45,0,183,61,2020
371190061121,1552,321,713,0,38,0,447,33,2020
371190061122,582,78,279,0,193,0,32,0,2020
371190061131,976,512,400,0,30,0,0,34,2020
371190061132,1935,618,1160,0,97,0,46,14,2020
371190061141,816,553,242,0,21,0,0,0,2020
371190061142,2185,256,1343,11,62,0,409,104,2020
371190061151,2853,395,1616,0,525,0,317,0,2020
371190061152,641,59,295,0,0,0,287,0,2020
371190062081,793,752,5,0,23,0,0,13,2020
371190062082,2854,2653,48,0,65,0,72,16,2020
371190062091,1021,732,223,0,12,0,23,31,2020
371190062092,1864,1517,102,0,27,0,179,39,2020
371190062093,1962,1836,65,24,0,0,18,19,2020
371190062101,2359,1953,239,0,60,0,95,12,2020
371190062102,2079,1467,101,0,446,0,65,0,2020
371190062111,3393,2536,394,1,33,0,275,154,2020
371190062112,2948,2553,158,0,66,0,154,17,2020
371190062121,2761,1884,478,5,150,0,173,71,2020
371190062122,1153,775,127,0,39,0,90,122,2020
371190062141,1571,1221,53,0,82,0,80,135,2020
371190062142,2239,1882,59,0,136,0,117,45,2020
371190062161,1858,1452,260,0,72,0,14,60,2020
371190062171,1260,1105,117,0,19,0,19,0,2020
371190062172,1786,1484,154,0,0,0,124,24,2020
371190062181,2820,2449,205,0,57,0,39,70,2020
371190062191,2896,2483,0,0,82,0,131,200,2020
371190062201,1551,1414,0,0,27,0,110,0,2020
371190062202,1236,1191,0,0,0,0,45,0,2020
371190062211,3112,2208,380,0,55,0,246,223,2020
371190062221,689,649,0,0,16,0,0,24,2020
371190062222,2961,2251,424,0,88,0,198,0,2020
371190062231,2496,1507,607,0,0,0,271,111,2020
371190062241,2943,1755,405,0,0,0,775,8,2020
371190063051,3893,1680,1231,0,326,0,509,147,2020
371190063061,1246,1156,79,0,0,0,11,0,2020
371190063071,3347,2232,567,0,330,0,171,47,2020
371190063072,811,469,158,0,127,0,24,33,2020
371190063081,4258,3594,450,0,36,0,101,77,2020
371190063091,1942,1069,418,0,0,0,408,47,2020
371190063101,3218,2446,292,12,61,0,321,86,2020
371190063111,357,310,0,0,25,0,9,13,2020
371190063112,3632,3060,351,0,27,0,19,175,2020
371190064031,2133,1247,549,0,6,0,258,73,2020
371190064032,1735,1168,232,0,114,7,113,101,2020
371190064033,1368,1352,8,0,0,0,0,8,2020
371190064041,1889,1641,0,0,0,0,215,33,2020
371190064042,1840,1624,172,0,0,0,44,0,2020
371190064043,2374,2097,66,0,84,0,21,106,2020
371190064071,1054,846,170,0,27,0,0,11,2020
371190064072,2918,2244,116,0,176,0,59,323,2020
371190064081,1084,1063,8,0,0,0,13,0,2020
371190064082,1742,1030,363,0,0,0,240,109,2020
371190064091,2642,2427,143,0,15,0,57,0,2020
371190064101,1971,1488,63,0,46,0,304,70,2020
371190064102,1140,969,34,0,47,0,64,26,2020
371190064111,1968,784,411,0,54,0,630,89,2020
371190064112,1098,992,36,0,0,0,70,0,2020
371199801001,0,0,0,0,0,0,0,0,2020
371199802001,0,0,0,0,0,0,0,0,2020
371199803001,27,12,0,0,0,0,15,0,2020
371190001011,693,444,79,0,17,0,51,102,2021
371190001012,466,126,0,0,119,0,221,0,2021
371190001021,1246,799,50,68,81,0,248,0,2021
371190001022,1163,848,84,0,115,0,43,73,2021
371190001031,2163,1063,435,0,302,0,198,165,2021
371190001041,1256,1091,86,0,44,0,35,0,2021
371190003011,703,563,53,0,48,0,39,0,2021
371190003021,404,242,136,0,0,0,14,12,2021
371190003022,491,128,215,0,0,0,71,77,2021
371190004011,1678,1286,250,0,98,0,24,20,2021
371190004021,864,710,74,0,23,0,26,31,2021
371190004022,1195,1062,57,0,13,0,38,25,2021
371190005011,455,240,127,0,0,0,73,15,2021
371190005012,1645,1233,258,1,8,0,38,107,2021
371190005021,1420,818,318,0,116,0,152,16,2021
371190005031,1558,745,572,0,0,0,164,77,2021
371190005032,116,92,24,0,0,0,0,0,2021
371190006001,1603,631,800,0,82,0,47,43,2021
371190006002,429,197,119,0,93,0,9,11,2021
371190006003,721,370,261,0,16,0,34,40,2021
371190007001,699,468,144,0,44,0,27,16,2021
371190007002,674,253,312,26,31,0,52,0,2021
371190008001,1810,602,1058,0,59,0,28,63,2021
371190008002,1181,145,1004,0,12,0,12,8,2021
371190009001,576,311,222,5,12,0,16,10,2021
371190009002,1302,549,582,0,0,0,143,28,2021
371190010001,1099,1007,13,0,9,0,52,18,2021
371190010002,447,356,30,0,0,0,0,61,2021
371190010003,1520,1032,224,10,67,0,112,75,2021
371190011001,1717,1497,9,0,108,0,103,0,2021
371190011002,354,335,0,0,0,0,14,5,2021
371190011003,1413,1103,230,0,0,0,8,72,2021
371190012001,2288,529,645,0,0,0,1086,28,2021
371190012002,954,619,274,0,12,0,36,13,2021
371190012003,1803,1621,35,0,130,0,17,0,2021
371190013001,2568,1104,925,0,61,0,428,50,2021
371190013002,1057,459,501,0,22,0,22,53,2021
371190013003,682,439,89,0,109,0,17,28,2021
371190014001,1830,866,519,19,56,0,213,157,2021
371190014002,1881,1134,332,0,56,0,203,156,2021
371190015041,3050,335,2250,0,0,0,289,176,2021
371190015042,2015,408,859,0,480,0,151,117,2021
371190015043,1623,142,868,0,196,0,329,88,2021
371190015051,1264,548,347,1,51,0,317,0,2021
371190015052,3004,378,329,0,119,0,2109,69,2021
371190015071,2230,128,156,0,0,0,1934,12,2021
371190015072,1184,119,740,0,0,0,325,0,2021
371190015073,1884,77,1496,0,0,0,281,30,2021
371190015081,2880,583,1658,33,0,0,606,0,2021
371190015082,2772,716,1224,0,59,0,657,116,2021
371190015083,712,15,411,0,0,0,286,0,2021
371190015091,1329,44,1055,0,12,0,184,34,2021
371190015092,2436,86,1513,0,183,0,629,25,2021
371190015101,2949,120,2086,0,95,0,490,158,2021
371190015102,495,61,385,0,49,0,0,0,2021
371190016031,2203,855,795,0,45,0,412,96,2021
371190016032,1256,202,540,0,0,0,506,8,2021
371190016033,1178,408,105,0,196,0,469,0,2021
371190016051,1741,550,632,0,73,19,412,55,2021
371190016061,2886,567,718,0,311,0,1198,92,2021
371190016062,1789,617,333,0,315,0,514,10,2021
371190016071,2803,477,1390,13,16,0,907,0,2021
371190016081,2391,265,724,0,228,0,1120,54,2021
371190016082,1833,322,1059,0,74,0,227,151,2021
371190016091,508,8,334,0,41,0,125,0,2021
371190016092,2498,446,596,0,136,0,1133,187,2021
371190017011,1770,1036,472,42,7,0,150,63,2021
371190017012,2621,582,1030,0,29,0,900,80,2021
371190017021,1240,628,338,0,22,0,229,23,2021
371190017022,970,697,164,0,0,0,94,15,2021
371190017023,834,352,310,0,0,0,135,37,2021
371190017024,3868,54,1084,0,371,0,2207,152,2021
371190018011,344,170,138,0,16,0,20,0,2021
371190018012,348,319,15,0,0,0,14,0,2021
371190018013,624,302,308,0,0,0,14,0,2021
371190018021,1678,821,612,0,115,0,101,29,2021
371190018022,1715,1115,229,18,66,0,202,85,2021
371190019101,2341,86,736,30,0,0,1315,174,2021
371190019102,1649,323,604,0,470,0,231,21,2021
371190019103,1522,195,473,15,285,0,505,49,2021
371190019111,1157,247,381,8,236,0,256,29,2021
371190019112,2074,309,1331,0,189,0,245,0,2021
371190019113,2379,488,1186,11,116,0,466,112,2021
371190019141,2021,129,1136,0,206,0,501,49,2021
371190019142,2066,1343,115,0,270,0,269,69,2021
371190019161,2082,489,671,0,288,0,623,11,2021
371190019162,2273,762,1191,0,70,0,210,40,2021
371190019171,2416,641,540,0,93,0,1048,94,2021
371190019172,2009,822,607,0,0,0,549,31,2021
371190019181,401,191,157,0,0,0,53,0,2021
371190019182,2258,350,1202,77,149,0,456,24,2021
371190019183,1501,153,865,0,0,0,483,0,2021
371190019191,1449,321,283,0,365,0,382,98,2021
371190019192,1326,557,428,0,16,0,216,109,2021
371190019193,1445,153,635,6,67,0,584,0,2021
371190019201,2145,189,820,0,11,0,1049,76,2021
371190019202,1690,364,256,0,21,0,1049,0,2021
371190019203,2138,621,743,0,191,0,583,0,2021
371190019211,2798,577,1090,17,383,31,659,41,2021
371190019221,2462,361,1059,0,38,0,969,35,2021
371190019222,2870,827,1267,0,0,0,642,134,2021
371190019231,3219,654,1573,25,10,0,957,0,2021
371190019232,990,428,317,0,0,0,235,10,2021
371190019241,2360,205,823,0,634,0,563,135,2021
371190019251,1422,104,785,0,174,0,359,0,2021
371190019252,729,55,598,0,0,0,0,76,2021
371190019253,2633,303,1795,37,12,0,486,0,2021
371190019261,1249,430,509,0,50,0,120,140,2021
371190019262,2125,303,1403,0,0,0,305,114,2021
371190019271,1341,199,773,0,0,0,369,0,2021
371190019272,1797,168,929,0,0,0,598,102,2021
371190020041,1553,1137,222,0,165,0,17,12,2021
371190020042,1891,1365,3,0,88,0,422,13,2021
371190020043,2222,402,1401,0,0,0,177,242,2021
371190020051,1045,852,91,0,20,0,67,15,2021
371190020052,1691,1120,30,0,322,0,210,9,2021
371190020061,1904,1790,58,0,8,22,26,0,2021
371190020062,1750,1603,36,0,0,0,111,0,2021
371190020071,884,677,7,0,174,0,26,0,2021
371190020072,1542,329,775,59,177,0,82,120,2021
371190020081,1147,1109,0,0,0,0,38,0,2021
371190020082,1339,838,426,0,75,0,0,0,2021
371190020083,458,448,0,0,10,0,0,0,2021
371190021001,813,523,157,0,0,0,23,110,2021
371190021002,2240,1320,459,0,239,0,84,138,2021
371190022011,1548,1119,197,0,79,0,123,30,2021
371190022012,1130,979,0,0,0,0,151,0,2021
371190022021,1042,885,46,0,12,0,62,37,2021
371190022022,2113,1849,241,0,0,0,0,23,2021
371190023001,431,40,274,0,0,0,106,11,2021
371190023002,2766,33,2602,0,11,0,53,67,2021
371190024001,1834,1468,141,33,12,0,117,63,2021
371190024002,880,690,61,2,7,0,33,87,2021
371190024003,449,422,27,0,0,0,0,0,2021
371190025001,1391,1095,102,0,39,0,129,26,2021
371190025002,766,644,80,0,4,0,18,20,2021
371190026001,1279,831,261,21,77,0,29,60,2021
371190027011,1077,1051,0,0,15,0,11,0,2021
371190027012,1288,1092,33,0,0,0,132,31,2021
371190027013,663,638,0,0,0,0,25,0,2021
371190027021,2886,2627,106,2,25,0,75,51,2021
371190027022,2271,1986,0,0,171,0,86,28,2021
371190027023,755,687,0,0,9,0,59,0,2021
371190028001,1022,1010,0,0,0,0,12,0,2021
371190028002,1282,1233,43,6,0,0,0,0,2021
371190028003,1588,1550,0,2,4,0,32,0,2021
371190029031,1469,1369,0,0,54,0,46,0,2021
371190029032,880,843,0,0,12,0,0,25,2021
371190029033,1672,1230,281,0,88,0,13,60,2021
371190029051,1867,1742,5,12,47,0,0,61,2021
371190029052,1330,1153,45,0,37,0,77,18,2021
371190029071,2100,1016,222,0,629,0,0,233,2021
371190029072,1698,1331,16,0,93,0,164,94,2021
371190029081,1217,1088,0,0,12,0,105,12,2021
371190029082,915,844,0,0,19,0,23,29,2021
371190029083,1200,1157,31,0,0,0,12,0,2021
371190029091,1760,1541,0,0,149,0,0,70,2021
371190029101,795,645,76,0,60,0,14,0,2021
371190029102,1396,950,92,47,46,0,15,246,2021
371190029103,993,993,0,0,0,0,0,0,2021
371190030061,1936,1650,206,0,46,0,0,34,2021
371190030062,2679,2213,39,0,201,0,161,65,2021
371190030081,3164,3078,19,0,53,0,0,14,2021
371190030082,1516,722,276,0,181,0,337,0,2021
371190030083,1853,1386,7,0,83,0,318,59,2021
371190030121,1598,1531,17,0,0,0,14,36,2021
371190030122,2602,1517,692,0,86,0,234,73,2021
371190030131,2401,2070,22,0,134,0,137,38,2021
371190030132,2543,2434,0,0,100,0,0,9,2021
371190030151,1541,1328,26,0,39,0,73,75,2021
371190030152,2432,1853,324,0,0,0,222,33,2021
371190030153,1514,1190,22,0,211,0,65,26,2021
371190030161,1976,971,416,0,424,0,101,64,2021
371190030162,961,812,12,0,85,0,0,52,2021
371190030163,1740,560,59,0,948,0,70,103,2021
371190030171,1417,1026,206,0,0,0,164,21,2021
371190030172,2342,1980,101,0,95,0,40,126,2021
371190030181,2481,2084,121,0,147,0,90,39,2021
371190030191,1008,922,48,0,38,0,0,0,2021
371190030192,952,883,0,0,0,0,0,69,2021
371190030201,1339,1143,80,0,69,0,47,0,2021
371190030202,1913,1886,5,0,0,0,22,0,2021
371190030203,1037,1017,0,0,0,0,0,20,2021
371190030211,1439,1208,0,0,103,0,35,93,2021
371190030212,1556,1438,37,0,33,0,32,16,2021
371190030221,1357,1110,66,0,97,0,0,84,2021
371190030222,1131,1071,0,0,0,0,45,15,2021
371190030223,1539,1243,38,0,29,0,86,143,2021
371190031021,2070,1641,142,130,11,0,81,65,2021
371190031022,868,715,0,0,16,0,92,45,2021
371190031023,1157,111,306,0,15,0,725,0,2021
371190031051,1348,1271,18,0,3,0,12,44,2021
371190031052,2445,2117,90,0,20,0,188,30,2021
371190031061,2979,959,328,0,15,0,1586,91,2021
371190031062,1882,1208,415,7,87,0,121,44,2021
371190031081,1629,193,801,0,14,0,621,0,2021
371190031082,2133,901,202,7,58,0,914,51,2021
371190031091,2991,295,1012,0,65,0,1579,40,2021
371190031092,1160,149,392,0,15,0,591,13,2021
371190031101,2205,1769,0,0,16,0,251,169,2021
371190031111,1682,1557,125,0,0,0,0,0,2021
371190031112,649,560,0,0,0,0,89,0,2021
371190031113,978,745,0,0,162,0,71,0,2021
371190032011,1087,1055,19,0,0,0,13,0,2021
371190032012,1720,947,115,0,19,0,595,44,2021
371190032031,1849,1100,430,0,59,0,125,135,2021
371190032032,671,463,124,0,12,0,30,42,2021
371190032041,822,688,0,0,8,0,32,94,2021
371190032042,1451,1109,185,0,19,0,112,26,2021
371190032043,971,842,0,0,17,0,47,65,2021
371190033011,657,623,24,0,0,0,10,0,2021
371190033012,603,505,34,0,0,0,64,0,2021
371190033021,1660,1454,60,0,44,0,21,81,2021
371190033022,972,831,6,0,43,0,33,59,2021
371190034011,614,462,9,0,20,0,123,0,2021
371190034012,1187,893,16,0,14,0,219,45,2021
371190034021,1575,1280,18,0,36,0,182,59,2021
371190034022,991,928,20,0,13,0,2,28,2021
371190034023,1457,1393,0,0,46,0,0,18,2021
371190035001,1516,1426,10,0,37,0,22,21,2021
371190035002,1158,962,7,0,30,0,39,120,2021
371190036001,1267,795,200,33,33,0,96,110,2021
371190036002,1005,588,258,0,67,0,88,4,2021
371190036003,769,60,538,0,12,0,159,0,2021
371190036004,471,39,432,0,0,0,0,0,2021
371190037011,1473,1334,36,0,54,0,12,37,2021
371190037012,220,0,220,0,0,0,0,0,2021
371190037021,1187,1057,57,0,25,0,15,33,2021
371190037022,1190,5,1049,6,0,0,130,0,2021
371190038021,1074,19,910,0,0,0,145,0,2021
371190038022,1744,16,1454,23,0,0,223,28,2021
371190038023,186,52,113,2,0,0,19,0,2021
371190038051,1003,551,209,0,116,0,15,112,2021
371190038052,2847,994,676,0,800,0,331,46,2021
371190038071,1588,92,499,0,213,0,783,1,2021
371190038072,3175,311,1194,0,0,0,1595,75,2021
371190038081,1840,16,437,0,0,0,1387,0,2021
371190038082,953,148,70,2,0,0,733,0,2021
371190038083,4040,126,1391,0,151,0,2361,11,2021
371190038091,1122,425,229,0,16,0,452,0,2021
371190038092,2532,311,1425,0,419,0,301,76,2021
371190038101,2148,130,372,0,0,0,1646,0,2021
371190038102,2583,375,1008,0,887,0,313,0,2021
371190038111,2112,283,1410,0,80,0,232,107,2021
371190039021,849,56,515,0,56,0,161,61,2021
371190039022,1857,37,1662,0,0,0,76,82,2021
371190039023,958,72,882,0,0,0,0,4,2021
371190039024,1261,0,961,0,29,0,177,94,2021
371190039031,889,14,612,0,18,0,169,76,2021
371190039032,1064,71,739,0,103,0,134,17,2021
371190040001,428,64,343,0,0,0,21,0,2021
371190040002,854,104,399,0,211,0,74,66,2021
371190040003,2040,185,1476,24,127,0,123,105,2021
371190040004,1126,289,670,0,0,0,57,110,2021
371190041011,1002,642,105,0,9,0,183,63,2021
371190041012,746,67,664,0,0,0,0,15,2021
371190041021,1145,33,814,0,0,0,224,74,2021
371190041022,1727,1089,251,0,200,0,74,113,2021
371190042001,476,41,435,0,0,0,0,0,2021
371190042002,1009,88,847,0,0,0,3,71,2021
371190042003,376,31,284,0,1,0,38,22,2021
371190042004,1114,324,543,0,0,0,124,123,2021
371190043021,997,137,591,0,0,0,269,0,2021
371190043022,2467,132,1855,0,234,0,229,17,2021
371190043023,1222,0,1050,0,0,0,89,83,2021
371190043031,2489,508,1294,0,204,0,308,175,2021
371190043041,3527,247,2352,0,410,0,422,96,2021
371190043042,963,9,677,0,31,0,246,0,2021
371190043061,1013,134,749,0,0,0,62,68,2021
371190043062,2755,0,1656,0,0,0,1006,93,2021
371190043071,5033,990,3383,0,191,0,454,15,2021
371190044001,797,197,442,0,56,0,93,9,2021
371190044002,1106,29,1009,0,59,0,9,0,2021
371190044003,2118,247,972,0,307,0,592,0,2021
371190045001,1025,75,929,0,0,0,0,21,2021
371190045002,1178,56,858,85,102,0,24,53,2021
371190045003,833,241,485,0,0,0,0,107,2021
371190046001,1312,54,1240,0,0,0,10,8,2021
371190046002,1177,0,1074,0,0,0,103,0,2021
371190047001,1734,638,886,0,36,10,113,51,2021
371190048001,1206,51,926,0,0,0,229,0,2021
371190048002,1027,9,1000,0,0,0,18,0,2021
371190048003,875,55,803,0,0,0,6,11,2021
371190049001,841,47,794,0,0,0,0,0,2021
371190050001,1141,31,1099,0,7,0,4,0,2021
371190050002,1363,441,718,6,67,0,94,37,2021
371190051001,964,55,728,0,64,0,74,43,2021
371190051002,1204,165,1024,0,0,0,15,0,2021
371190052001,267,8,240,0,0,0,19,0,2021
371190052002,356,6,304,0,0,0,9,37,2021
371190052003,973,146,770,0,0,0,50,7,2021
371190053011,3864,365,2312,0,29,0,1153,5,2021
371190053012,670,133,57,18,23,0,439,0,2021
371190053051,816,19,675,0,0,0,122,0,2021
371190053052,1607,0,997,0,0,0,610,0,2021
371190053053,1864,40,1439,0,0,0,326,59,2021
371190053061,556,60,416,0,0,0,73,7,2021
371190053062,1773,116,711,0,0,0,946,0,2021
371190053071,2315,211,1314,0,76,0,616,98,2021
371190053072,2017,159,924,0,41,0,851,42,2021
371190053081,1785,95,706,0,67,7,909,1,2021
371190053082,727,6,199,0,0,0,517,5,2021
371190054031,4935,323,2367,0,114,0,1426,705,2021
371190054032,985,266,482,20,0,0,217,0,2021
371190054041,2561,117,2028,0,8,0,392,16,2021
371190054042,1954,322,1253,0,65,0,245,69,2021
371190054051,1493,58,1133,0,0,0,259,43,2021
371190054052,1351,94,620,0,27,0,242,368,2021
371190054061,2065,6,2017,0,0,0,0,42,2021
371190054062,1829,209,1312,0,0,0,216,92,2021
371190055081,2288,1079,1096,0,13,0,60,40,2021
371190055082,1844,941,523,0,38,0,265,77,2021
371190055101,2509,69,783,0,109,0,1548,0,2021
371190055102,2667,297,2229,0,20,0,82,39,2021
371190055103,1500,303,673,0,171,0,298,55,2021
371190055111,1153,127,904,0,0,0,93,29,2021
371190055112,1318,336,841,0,82,0,31,28,2021
371190055113,1051,317,648,0,21,0,44,21,2021
371190055121,1068,83,932,0,15,12,26,0,2021
371190055122,2114,331,1105,9,43,0,574,52,2021
371190055123,2769,279,1606,110,52,0,627,95,2021
371190055131,1991,333,1167,17,202,0,217,55,2021
371190055132,1190,659,269,0,43,0,46,173,2021
371190055133,1101,432,378,0,66,0,45,180,2021
371190055151,2349,1284,786,0,121,0,58,100,2021
371190055161,2086,934,992,0,27,0,93,40,2021
371190055171,868,655,106,0,0,0,45,62,2021
371190055172,1028,452,529,0,10,0,0,37,2021
371190055173,2164,925,704,0,95,0,300,140,2021
371190055191,2400,1489,531,0,113,0,195,72,2021
371190055192,965,65,391,0,435,0,64,10,2021
371190055193,2456,687,1397,28,43,8,293,0,2021
371190055201,582,166,46,0,0,0,362,8,2021
371190055202,2325,495,1223,0,332,0,142,133,2021
371190055203,2029,795,516,0,549,0,60,109,2021
371190055221,1929,1165,728,0,0,0,36,0,2021
371190055222,1947,516,827,0,128,0,446,30,2021
371190055223,983,253,423,0,152,0,0,155,2021
371190055251,2315,684,798,0,47,0,703,83,2021
371190055252,1614,270,786,0,402,0,61,95,2021
371190055261,2131,666,868,0,174,0,366,57,2021
371190055262,716,73,620,0,0,0,0,23,2021
371190055271,2910,1220,1149,6,63,0,443,29,2021
371190055281,1390,646,652,0,0,0,14,78,2021
371190055282,2464,792,1609,0,9,0,36,18,2021
371190055291,1599,475,927,0,0,0,108,89,2021
371190055301,2772,781,1550,0,292,0,102,47,2021
371190055302,310,141,169,0,0,0,0,0,2021
371190055311,1409,108,1080,0,198,0,0,23,2021
371190055312,4395,2733,1242,0,0,24,226,170,2021
371190055321,1036,496,148,0,392,0,0,0,2021
371190055322,2931,693,1135,0,830,0,273,0,2021
371190055331,1071,418,523,0,17,0,105,8,2021
371190055341,638,483,57,0,0,0,73,25,2021
371190055342,2097,529,865,34,459,0,19,191,2021
371190055343,2328,422,1419,0,349,0,107,31,2021
371190055351,966,230,162,0,534,0,40,0,2021
371190055352,2910,479,1742,31,289,0,202,167,2021
371190055361,905,78,0,0,692,0,94,41,2021
371190055362,1531,293,1205,0,0,0,0,33,2021
371190055363,1750,727,932,0,56,0,0,35,2021
371190055364,1469,621,516,0,142,0,190,0,2021
371190056041,2147,937,835,0,177,0,64,134,2021
371190056042,2043,1204,523,0,138,4,86,88,2021
371190056043,1494,971,249,0,101,0,76,97,2021
371190056091,2065,611,1066,0,103,0,225,60,2021
371190056092,1456,372,305,0,695,0,10,74,2021
371190056101,1075,305,533,53,26,0,79,79,2021
371190056102,1489,526,663,0,28,0,219,53,2021
371190056111,855,224,237,0,123,0,106,165,2021
371190056112,2879,390,2112,0,157,0,145,75,2021
371190056121,2988,845,1105,0,19,0,792,227,2021
371190056122,2801,747,1258,0,227,0,512,57,2021
371190056131,3764,514,2235,0,207,0,657,151,2021
371190056151,2250,493,1464,0,77,0,196,20,2021
371190056161,2452,704,1351,0,38,0,289,70,2021
371190056171,1734,432,939,0,34,0,251,78,2021
371190056172,535,89,304,0,0,0,142,0,2021
371190056181,1742,937,524,0,0,0,209,72,2021
371190056182,1716,156,1327,0,10,0,117,106,2021
371190056191,3021,680,1648,0,101,0,477,115,2021
371190056192,1789,853,714,4,18,0,135,65,2021
371190056211,4143,2135,1171,9,217,0,510,101,2021
371190056212,1009,397,305,0,22,0,185,100,2021
371190056213,892,425,453,0,7,0,0,7,2021
371190056221,660,118,492,0,11,0,21,18,2021
371190056222,1475,456,600,0,19,0,289,111,2021
371190056231,2526,360,1834,0,0,0,332,0,2021
371190056232,1513,563,677,0,0,0,106,167,2021
371190056241,2272,611,1329,0,61,0,177,94,2021
371190056251,3756,1406,1303,0,204,19,487,337,2021
371190056252,2864,594,1753,0,326,0,169,22,2021
371190056261,3553,481,2239,0,0,0,610,223,2021
371190056271,2472,357,1446,0,60,0,571,38,2021
371190056272,2531,529,1484,0,11,0,420,87,2021
371190056273,2442,921,1344,39,36,0,74,28,2021
371190057091,2193,1578,556,0,7,0,28,24,2021
371190057092,2596,1534,366,20,303,0,301,72,2021
371190057101,2145,1128,477,0,124,0,402,14,2021
371190057102,2266,758,1065,0,46,0,346,51,2021
371190057121,2221,1830,130,0,37,0,49,175,2021
371190057122,1395,1171,17,0,19,0,134,54,2021
371190057131,2228,1833,134,0,142,0,91,28,2021
371190057132,2140,1783,9,0,36,0,302,10,2021
371190057141,2924,2244,431,0,55,0,108,86,2021
371190057142,1620,1303,99,0,118,0,28,72,2021
371190057143,1597,1358,84,0,86,0,12,57,2021
371190057151,2881,1906,597,0,0,0,378,0,2021
371190057161,2003,1171,265,0,183,0,342,42,2021
371190057162,3628,1049,1156,26,107,0,1164,126,2021
371190057181,2147,1176,611,0,0,0,238,122,2021
371190057182,1420,793,262,0,0,0,202,163,2021
371190057191,1663,1127,302,0,18,0,171,45,2021
371190057192,1679,1362,179,0,128,0,10,0,2021
371190057201,2223,1644,227,0,340,0,9,3,2021
371190057211,518,395,36,0,13,0,53,21,2021
371190057212,3178,2701,279,11,40,0,147,0,2021
371190057221,2110,1212,492,14,128,0,193,71,2021
371190057231,2047,686,646,14,385,0,284,32,2021
371190057232,1306,420,316,18,150,0,351,51,2021
371190058111,1534,1017,74,0,130,0,277,36,2021
371190058112,801,302,109,0,42,0,335,13,2021
371190058113,1951,1651,44,0,62,0,174,20,2021
371190058151,2954,2074,165,0,508,0,159,48,2021
371190058152,793,663,27,0,27,0,41,35,2021
371190058161,3412,2472,312,0,131,0,413,84,2021
371190058162,1015,642,154,61,49,0,36,73,2021
371190058171,1068,889,14,0,16,0,138,11,2021
371190058172,3319,2606,142,0,414,0,111,46,2021
371190058241,2907,105,1268,0,97,0,1310,127,2021
371190058242,1842,1200,186,0,79,0,282,95,2021
371190058261,697,285,78,0,9,0,279,46,2021
371190058262,2337,1068,264,0,75,0,709,221,2021
371190058271,2622,705,1177,0,72,0,467,201,2021
371190058281,2238,1994,144,0,14,0,74,12,2021
371190058282,423,382,0,0,11,0,0,30,2021
371190058283,1080,865,112,0,12,0,68,23,2021
371190058291,709,214,418,0,46,0,13,18,2021
371190058292,1237,275,303,0,59,0,580,20,2021
371190058301,1285,756,406,0,34,0,66,23,2021
371190058302,2216,1462,230,0,17,0,400,107,2021
371190058321,3031,2321,121,0,298,0,151,140,2021
371190058331,983,776,0,0,23,0,152,32,2021
371190058332,2754,2270,67,0,313,0,66,38,2021
371190058333,1525,1133,330,0,3,0,59,0,2021
371190058341,3137,2181,356,0,25,0,273,302,2021
371190058342,1373,1105,191,0,32,0,22,23,2021
371190058351,2610,2230,14,42,141,0,158,25,2021
371190058361,2505,1584,247,0,144,0,508,22,2021
371190058362,1099,727,170,0,73,0,125,4,2021
371190058391,1077,405,125,0,140,0,211,196,2021
371190058392,1471,1319,19,0,21,0,15,97,2021
371190058401,2020,1405,281,0,137,0,149,48,2021
371190058431,1229,672,148,0,185,0,93,131,2021
371190058432,1901,823,330,0,339,0,370,39,2021
371190058451,944,614,9,0,262,0,28,31,2021
371190058452,3660,908,235,0,1462,0,234,821,2021
371190058453,1564,660,350,0,349,0,32,173,2021
371190058461,1454,1132,110,0,122,0,32,58,2021
371190058462,2243,1664,107,0,172,0,185,115,2021
371190058471,1776,1363,2,0,320,0,47,44,2021
371190058472,2558,1786,211,0,300,0,110,151,2021
371190058473,914,319,176,0,406,0,13,0,2021
371190058481,2139,1549,103,0,318,0,156,13,2021
371190058482,1986,1776,9,0,93,0,79,29,2021
371190058483,793,617,0,0,0,0,103,73,2021
371190058491,479,454,0,0,0,0,25,0,2021
371190058492,2705,1719,459,0,339,0,124,64,2021
371190058501,2246,1522,82,0,356,0,207,79,2021
371190058511,2039,1247,418,0,0,0,367,7,2021
371190058512,2852,1355,503,0,488,0,254,252,2021
371190058521,2193,1819,213,15,0,0,55,91,2021
371190058531,2107,937,308,0,43,0,784,35,2021
371190058532,181,141,40,0,0,0,0,0,2021
371190058541,2680,649,261,0,597,0,438,735,2021
371190058551,1906,1179,60,0,352,0,238,77,2021
371190058552,1427,1164,263,0,0,0,0,0,2021
371190058553,1438,1203,0,0,167,0,55,13,2021
371190058561,2447,1062,294,120,821,0,65,85,2021
371190058571,2009,1155,252,0,432,0,113,57,2021
371190058581,1385,373,189,0,452,0,371,0,2021
371190058582,2727,1452,478,0,552,0,175,70,2021
371190058591,2696,1759,162,0,645,0,64,66,2021
371190058601,3117,1877,196,0,624,0,287,133,2021
371190058602,1407,1017,177,0,99,0,114,0,2021
371190058611,1877,1465,22,0,316,0,74,0,2021
371190058612,1068,906,0,0,0,0,162,0,2021
371190058621,3052,2551,64,11,205,0,112,109,2021
371190058631,1976,1342,176,0,330,0,105,23,2021
371190058632,1974,1157,362,0,304,0,75,76,2021
371190058641,1658,1165,62,0,189,0,242,0,2021
371190058642,3189,1709,140,0,1046,0,21,273,2021
371190058651,2138,1443,235,0,152,0,265,43,2021
371190058661,1986,1083,520,0,0,0,383,0,2021
371190058662,1790,505,773,0,0,0,344,168,2021
371190058663,358,94,61,0,176,0,0,27,2021
371190058671,436,77,64,0,180,0,29,86,2021
371190058672,3153,1019,1221,0,259,0,650,4,2021
371190058681,2718,1820,369,0,28,0,91,410,2021
371190059081,2003,1395,229,0,225,0,73,81,2021
371190059101,2777,706,1319,0,184,0,487,81,2021
371190059102,3353,625,994,0,79,34,631,990,2021
371190059131,1732,380,430,0,64,0,858,0,2021
371190059132,2393,681,783,0,792,0,106,31,2021
371190059133,1533,537,452,0,167,0,370,7,2021
371190059134,1268,187,298,0,115,0,668,0,2021
371190059151,405,104,231,0,9,0,61,0,2021
371190059152,2329,456,1382,0,76,0,297,118,2021
371190059161,1261,130,549,0,124,0,386,72,2021
371190059162,1288,21,782,0,0,0,450,35,2021
371190059181,1317,520,147,0,0,0,596,54,2021
371190059182,1057,315,453,15,35,0,143,96,2021
371190059183,2724,704,850,0,148,0,983,39,2021
371190059191,2251,1154,718,0,166,0,192,21,2021
371190059192,1019,368,0,0,124,0,493,34,2021
371190059201,2043,575,166,0,6,0,1296,0,2021
371190059202,344,180,25,0,0,0,102,37,2021
371190059211,3545,1265,1625,0,276,0,233,146,2021
371190059221,2443,1082,618,0,305,0,346,92,2021
371190059222,1701,388,806,0,135,0,237,135,2021
371190059231,1917,595,758,0,90,0,288,186,2021
371190059232,2816,302,1242,0,847,0,425,0,2021
371190059241,3847,1694,1307,0,32,0,814,0,2021
371190059242,3018,1134,1051,0,422,0,411,0,2021
371190059251,3142,1654,1101,0,81,0,207,99,2021
371190059261,4421,2556,1134,0,304,0,226,201,2021
371190059262,1892,1201,285,17,293,0,19,77,2021
371190059271,6015,996,3089,0,306,0,1133,491,2021
371190059272,1657,197,1224,0,17,0,71,148,2021
371190059281,1677,693,604,71,0,0,309,0,2021
371190059291,3214,1117,1180,0,244,0,484,189,2021
371190059292,1170,513,530,0,22,0,77,28,2021
371190059301,2961,1036,736,0,97,0,793,299,2021
371190059311,915,297,538,0,0,0,69,11,2021
371190059312,2904,1088,719,0,69,0,806,222,2021
371190059321,2633,679,934,0,567,103,117,233,2021
371190060051,1481,538,610,0,83,0,186,64,2021
371190060052,1713,750,660,0,60,0,235,8,2021
371190060081,1371,705,608,0,0,0,29,29,2021
371190060082,2142,804,831,0,160,0,127,220,2021
371190060091,1599,675,623,9,102,0,163,27,2021
371190060092,1901,397,1185,27,56,0,148,88,2021
371190060111,2924,956,1793,0,15,0,91,69,2021
371190060121,2890,450,1993,0,42,0,325,80,2021
371190060122,1893,1061,71,1,536,0,145,79,2021
371190060131,2041,310,1289,0,161,0,281,0,2021
371190060132,2918,152,2422,0,67,0,277,0,2021
371190060141,1573,888,194,0,34,0,441,16,2021
371190060142,2144,1236,772,0,50,0,86,0,2021
371190060151,1727,1282,445,0,0,0,0,0,2021
371190060152,2454,507,1417,0,81,0,426,23,2021
371190060161,1290,118,510,0,155,0,507,0,2021
371190060162,1599,134,1000,0,212,0,0,253,2021
371190061031,2045,1233,651,0,79,0,33,49,2021
371190061032,2149,1116,564,0,131,0,82,256,2021
371190061051,2882,871,1718,0,47,0,141,105,2021
371190061081,2629,567,1654,0,106,0,180,122,2021
371190061082,1806,370,1104,0,35,10,270,17,2021
371190061091,4324,550,3178,0,68,0,504,24,2021
371190061101,1531,571,934,0,0,0,26,0,2021
371190061102,1728,163,1081,0,0,0,484,0,2021
371190061103,2316,531,1596,0,166,0,1,22,2021
371190061111,1808,564,1077,0,0,0,155,12,2021
371190061112,1782,778,827,4,0,0,136,37,2021
371190061121,1342,257,924,0,26,0,117,18,2021
371190061122,860,117,483,0,130,0,112,18,2021
371190061131,1030,473,393,0,39,0,17,108,2021
371190061132,2043,683,1243,0,37,0,46,34,2021
371190061141,921,250,178,0,17,0,476,0,2021
371190061142,2191,403,1151,15,136,0,415,71,2021
371190061151,2980,531,1702,0,543,0,204,0,2021
371190061152,669,69,307,0,0,0,293,0,2021
371190062081,928,861,8,0,27,0,0,32,2021
371190062082,2836,2573,55,0,113,0,33,62,2021
371190062091,878,497,304,0,10,0,16,51,2021
371190062092,1913,1499,165,0,23,0,192,34,2021
371190062093,2078,1964,70,0,0,0,16,28,2021
371190062101,2587,2102,246,0,64,0,141,34,2021
371190062102,2152,1409,207,0,415,0,108,13,2021
371190062111,3513,2866,280,1,0,0,239,127,2021
371190062112,3033,2557,162,0,61,0,223,30,2021
371190062121,3078,2024,510,3,225,0,183,133,2021
371190062122,1133,733,151,0,15,0,106,128,2021
371190062141,1603,1154,13,0,107,0,189,140,2021
371190062142,2471,1925,79,0,122,0,301,44,2021
371190062161,1917,1657,54,0,129,0,9,68,2021
371190062171,1074,973,72,0,17,0,0,12,2021
371190062172,1961,1559,249,0,0,0,130,23,2021
371190062181,2938,2605,49,0,46,0,118,120,2021
371190062191,3005,2486,0,0,87,0,94,338,2021
371190062201,1484,1235,0,0,59,0,135,55,2021
371190062202,1356,1285,0,0,0,0,71,0,2021
371190062211,3861,2654,488,0,79,0,200,440,2021
371190062221,997,845,0,0,114,0,0,38,2021
371190062222,2963,2294,528,0,47,0,94,0,2021
371190062231,2453,1582,615,0,0,0,193,63,2021
371190062241,3182,2023,455,0,0,9,695,0,2021
371190063051,4203,1912,1314,0,340,0,524,113,2021
371190063061,1399,1070,204,0,102,0,23,0,2021
371190063071,3421,2487,364,0,284,0,231,55,2021
371190063072,1168,616,301,0,122,0,93,36,2021
371190063081,4271,3423,580,0,46,0,131,91,2021
371190063091,1830,1167,306,0,0,0,290,67,2021
371190063101,3365,2363,267,10,86,0,506,133,2021
371190063111,449,384,0,0,34,0,0,31,2021
371190063112,3604,2973,310,0,31,0,33,257,2021
371190064031,2312,1395,609,0,18,0,196,94,2021
371190064032,1736,1231,195,0,115,6,62,127,2021
371190064033,1668,1491,2,0,33,0,0,142,2021
371190064041,2363,2165,0,0,0,0,156,42,2021
371190064042,2221,1961,207,0,0,0,53,0,2021
371190064043,2720,2428,74,0,99,0,13,106,2021
371190064071,1054,858,178,0,7,0,0,11,2021
371190064072,3050,2416,41,0,195,0,39,359,2021
371190064081,1178,1150,10,0,0,0,18,0,2021
371190064082,1767,1119,334,0,0,0,147,167,2021
371190064091,3059,2822,160,0,14,0,63,0,2021
371190064101,1888,1408,64,0,68,0,270,78,2021
371190064102,1379,923,108,0,40,0,161,147,2021
371190064111,1930,708,287,0,16,0,890,29,2021
371190064112,1081,978,33,0,0,0,70,0,2021
371199801001,0,0,0,0,0,0,0,0,2021
371199802001,0,0,0,0,0,0,0,0,2021
371199803001,29,12,0,0,0,0,17,0,2021
371190001011,536,429,0,0,24,0,62,21,2022
371190001012,612,261,0,0,135,0,216,0,2022
371190001021,1418,901,138,48,90,0,241,0,2022
371190001022,1323,895,113,0,174,0,49,92,2022
371190001031,2042,1006,432,0,212,0,223,169,2022
371190001041,1619,1299,137,0,75,0,68,40,2022
371190003011,954,620,186,0,72,0,43,33,2022
371190003021,645,305,239,5,0,0,13,83,2022
371190003022,493,105,227,0,0,0,71,90,2022
371190004011,1809,1534,168,0,83,0,14,10,2022
371190004021,1001,854,39,0,91,0,17,0,2022
371190004022,1330,1223,44,6,18,0,16,23,2022
371190005011,505,159,262,0,10,0,63,11,2022
371190005012,1431,843,329,8,26,0,144,81,2022
371190005021,1474,981,89,0,152,0,252,0,2022
371190005031,1390,744,435,0,9,0,151,51,2022
371190005032,110,79,21,0,0,0,0,10,2022
371190006001,1618,462,904,0,140,0,67,45,2022
371190006002,1705,594,905,0,65,0,86,55,2022
371190006003,701,357,187,0,61,0,26,70,2022
371190007001,597,399,96,0,63,0,16,23,2022
371190007002,1110,530,427,12,20,0,121,0,2022
371190008001,1728,712,857,0,52,0,33,74,2022
371190008002,1345,193,1080,0,13,0,49,10,2022
371190009001,576,329,184,0,40,0,14,9,2022
371190009002,1166,657,309,0,0,0,175,25,2022
371190010001,1153,986,0,0,42,0,54,71,2022
371190010002,492,419,17,0,0,0,0,56,2022
371190010003,1655,1132,245,7,74,0,97,100,2022
371190011001,1565,1332,9,0,110,0,96,18,2022
371190011002,271,248,0,0,0,0,18,5,2022
371190011003,1648,1370,217,0,0,0,11,50,2022
371190012001,1974,316,556,0,0,0,1073,29,2022
371190012002,1175,487,538,0,8,0,45,97,2022
371190012003,1997,1722,11,0,139,0,79,46,2022
371190013001,2431,1031,863,0,34,0,442,61,2022
371190013002,1055,394,458,0,24,0,110,69,2022
371190013003,593,365,126,0,65,0,0,37,2022
371190014001,1819,921,510,15,39,0,156,178,2022
371190014002,1994,1372,270,0,29,0,139,184,2022
371190015041,3224,250,2142,0,0,0,730,102,2022
371190015042,2263,653,682,0,675,0,202,51,2022
371190015043,1262,199,806,0,46,0,120,91,2022
371190015051,1042,493,315,0,28,0,205,1,2022
371190015052,3371,589,484,0,84,0,2199,15,2022
371190015071,2136,117,190,0,0,0,1817,12,2022
371190015072,935,170,591,0,0,0,174,0,2022
371190015073,2138,75,1766,0,0,0,274,23,2022
371190015081,2570,522,1541,17,46,0,390,54,2022
371190015082,2855,857,1286,0,66,0,591,55,2022
371190015083,802,0,407,0,0,0,395,0,2022
371190015091,1232,57,955,0,15,0,118,87,2022
371190015092,2345,73,1301,0,145,0,802,24,2022
371190015101,2588,133,1726,0,26,0,527,176,2022
371190015102,654,83,426,0,136,0,0,9,2022
371190016031,2089,724,696,0,161,0,441,67,2022
371190016032,1432,230,643,0,0,0,505,54,2022
371190016033,1019,347,195,0,208,0,269,0,2022
371190016051,1587,426,518,0,94,19,492,38,2022
371190016061,3101,610,905,0,363,0,1121,102,2022
371190016062,1401,617,224,0,331,0,203,26,2022
371190016071,2609,375,1361,5,11,0,857,0,2022
371190016081,2523,320,635,0,90,0,1427,51,2022
371190016082,1746,295,1095,0,52,0,155,149,2022
371190016091,567,49,286,0,47,0,185,0,2022
371190016092,2547,399,705,0,156,0,1029,258,2022
371190017011,1538,1034,266,36,6,0,170,26,2022
371190017012,2899,688,1222,0,38,0,888,63,2022
371190017021,1488,648,450,0,24,0,344,22,2022
371190017022,948,810,41,0,0,0,87,10,2022
371190017023,564,251,177,0,0,0,113,23,2022
371190017024,3671,54,713,0,535,0,2285,84,2022
371190018011,354,205,106,0,20,0,23,0,2022
371190018012,324,288,17,0,0,0,15,4,2022
371190018013,649,349,295,0,0,0,5,0,2022
371190018021,1828,799,602,0,266,0,115,46,2022
371190018022,1675,1125,183,10,55,0,178,124,2022
371190019101,2105,70,736,16,0,0,1146,137,2022
371190019102,1329,240,502,0,493,0,68,26,2022
371190019103,1688,212,569,11,172,0,686,38,2022
371190019111,1113,201,352,0,408,0,152,0,2022
371190019112,2340,336,1528,0,280,0,196,0,2022
371190019113,2596,440,1508,12,142,0,409,85,2022
371190019141,2062,177,1053,0,11,0,764,57,2022
371190019142,2237,1318,50,0,507,0,247,115,2022
371190019161,1827,476,666,3,205,0,477,0,2022
371190019162,2415,637,1342,0,162,0,231,43,2022
371190019171,2216,655,495,0,96,0,866,104,2022
371190019172,2261,998,574,0,0,0,688,1,2022
371190019181,195,75,86,0,0,0,34,0,2022
371190019182,2099,282,1067,0,149,0,570,31,2022
371190019183,1629,156,986,0,0,0,487,0,2022
371190019191,1406,294,312,0,432,0,328,40,2022
371190019192,1342,676,310,0,22,0,196,138,2022
371190019193,1327,138,711,0,86,0,392,0,2022
371190019201,1529,178,782,0,12,0,494,63,2022
371190019202,1971,427,268,0,75,0,1164,37,2022
371190019203,1888,421,596,0,182,0,689,0,2022
371190019211,2659,566,857,0,419,32,742,43,2022
371190019221,2704,368,1164,0,133,0,990,49,2022
371190019222,2813,714,1261,0,0,0,689,149,2022
371190019231,3192,651,1391,0,0,0,1123,27,2022
371190019232,818,310,280,0,0,0,228,0,2022
371190019241,2732,152,724,142,926,0,788,0,2022
371190019251,1154,143,608,0,188,0,215,0,2022
371190019252,1041,29,804,0,0,0,123,85,2022
371190019253,2547,224,1473,28,0,0,822,0,2022
371190019261,1091,376,377,0,33,0,236,69,2022
371190019262,2169,386,1443,0,0,0,210,130,2022
371190019271,1346,182,643,0,0,0,521,0,2022
371190019272,1843,118,1467,0,0,0,186,72,2022
371190020041,1540,1112,187,0,88,0,134,19,2022
371190020042,1910,1406,24,0,40,0,426,14,2022
371190020043,2195,365,1446,0,0,0,149,235,2022
371190020051,1170,884,146,0,22,0,44,74,2022
371190020052,1656,1128,204,0,128,0,184,12,2022
371190020061,1984,1777,74,0,81,14,38,0,2022
371190020062,1787,1682,41,0,0,0,64,0,2022
371190020071,929,793,3,0,68,0,65,0,2022
371190020072,1483,484,786,43,22,0,27,121,2022
371190020081,1267,1229,0,0,0,0,38,0,2022
371190020082,1080,857,164,0,59,0,0,0,2022
371190020083,496,474,0,0,22,0,0,0,2022
371190021001,897,631,97,0,0,0,117,52,2022
371190021002,2148,1238,440,0,234,0,160,76,2022
371190022011,1606,1176,241,0,116,0,63,10,2022
371190022012,1127,862,21,0,0,0,151,93,2022
371190022021,1183,973,72,0,13,0,78,47,2022
371190022022,1933,1687,213,0,0,0,0,33,2022
371190023001,335,28,241,0,13,0,49,4,2022
371190023002,2843,24,2622,0,0,0,100,97,2022
371190024001,1749,1519,33,31,29,0,105,32,2022
371190024002,943,594,99,3,10,0,176,61,2022
371190024003,410,376,27,0,0,0,7,0,2022
371190025001,1409,1094,112,0,50,0,115,38,2022
371190025002,926,806,64,0,16,0,26,14,2022
371190026001,1371,831,361,10,58,0,43,68,2022
371190027011,1035,1026,0,0,0,0,9,0,2022
371190027012,1201,1031,30,0,0,0,104,36,2022
371190027013,689,631,22,0,0,0,36,0,2022
371190027021,3002,2667,124,2,46,0,59,104,2022
371190027022,2206,1987,0,0,111,0,61,47,2022
371190027023,641,581,0,0,10,0,50,0,2022
371190028001,1038,1029,0,0,0,0,9,0,2022
371190028002,1288,1247,36,5,0,0,0,0,2022
371190028003,1451,1432,0,2,4,0,13,0,2022
371190029031,1454,1323,0,0,85,0,46,0,2022
371190029032,1013,961,0,0,18,0,0,34,2022
371190029033,1856,1344,341,0,93,0,28,50,2022
371190029051,1812,1490,8,10,55,0,196,53,2022
371190029052,1551,1403,44,0,15,0,70,19,2022
371190029071,2389,1414,180,0,594,0,52,149,2022
371190029072,1555,1162,21,0,119,0,167,86,2022
371190029081,1139,977,0,0,25,0,111,26,2022
371190029082,786,711,0,0,28,0,19,28,2022
371190029083,1475,1313,63,0,27,0,72,0,2022
371190029091,1729,1450,42,0,187,0,13,37,2022
371190029101,872,772,51,0,38,0,0,11,2022
371190029102,1145,693,106,0,39,0,43,264,2022
371190029103,1173,1173,0,0,0,0,0,0,2022
371190030061,2071,1859,118,0,45,0,0,49,2022
371190030062,2444,2030,55,0,158,0,142,59,2022
371190030081,3302,3218,39,0,1,0,27,17,2022
371190030082,1451,622,418,0,106,0,305,0,2022
371190030083,1495,1149,52,0,19,0,265,10,2022
371190030121,1630,1565,7,0,0,0,26,32,2022
371190030122,2526,1584,501,0,114,0,214,113,2022
371190030131,2314,1919,38,0,160,0,111,86,2022
371190030132,2572,2469,0,0,87,0,0,16,2022
371190030151,1496,1281,26,0,43,0,66,80,2022
371190030152,2319,1704,329,0,0,0,229,57,2022
371190030153,1740,1357,22,0,234,0,65,62,2022
371190030161,1721,894,336,0,261,0,179,51,2022
371190030162,1101,883,112,0,58,0,0,48,2022
371190030163,1817,648,184,0,798,0,61,126,2022
371190030171,1540,991,285,0,65,0,168,31,2022
371190030172,2290,1945,113,0,90,0,33,109,2022
371190030181,2449,1947,140,0,205,0,128,29,2022
371190030191,1015,865,85,0,65,0,0,0,2022
371190030192,1026,719,62,0,0,0,153,92,2022
371190030201,1137,944,75,0,68,0,50,0,2022
371190030202,1915,1852,9,0,26,0,28,0,2022
371190030203,1280,1262,0,0,0,0,18,0,2022
371190030211,1409,1185,92,0,36,0,15,81,2022
371190030212,1511,1394,19,0,29,0,28,41,2022
371190030221,1284,1021,77,0,87,0,15,84,2022
371190030222,730,718,0,0,0,0,0,12,2022
371190030223,1876,1515,38,0,121,0,59,143,2022
371190031021,2167,1708,107,133,17,0,144,58,2022
371190031022,892,788,0,0,21,0,43,40,2022
371190031023,975,72,192,0,14,0,697,0,2022
371190031051,1340,1240,45,0,4,0,10,41,2022
371190031052,2376,2172,104,0,0,0,55,45,2022
371190031061,2337,903,213,0,15,0,1187,19,2022
371190031062,2054,1281,453,0,104,0,159,57,2022
371190031081,1318,176,440,0,15,0,687,0,2022
371190031082,2137,762,200,8,65,0,1065,37,2022
371190031091,2553,339,823,0,63,0,1244,84,2022
371190031092,1481,77,257,0,10,0,1124,13,2022
371190031101,2290,1895,0,0,19,0,195,181,2022
371190031111,1744,1623,101,0,0,0,20,0,2022
371190031112,581,480,0,0,0,0,101,0,2022
371190031113,1391,964,0,0,255,0,123,49,2022
371190032011,1069,1029,18,0,0,0,22,0,2022
371190032012,1484,929,135,0,0,0,381,39,2022
371190032031,2304,1133,593,0,50,0,325,203,2022
371190032032,553,359,107,0,13,0,25,49,2022
371190032041,828,703,0,0,10,0,13,102,2022
371190032042,1384,1104,211,0,17,0,42,10,2022
371190032043,992,770,29,0,24,0,72,97,2022
371190033011,908,755,44,17,83,0,9,0,2022
371190033012,569,349,29,0,63,0,128,0,2022
371190033021,1566,1325,60,0,59,0,20,102,2022
371190033022,1095,938,18,0,40,0,32,67,2022
371190034011,630,483,9,0,18,0,103,17,2022
371190034012,1262,1017,0,0,17,0,185,43,2022
371190034021,1323,1075,0,0,41,0,168,39,2022
371190034022,979,867,17,0,13,0,53,29,2022
371190034023,1314,1236,0,0,48,0,11,19,2022
371190035001,1538,1425,12,0,41,0,29,31,2022
371190035002,1191,990,7,0,31,0,39,124,2022
371190036001,1150,769,157,31,37,0,47,109,2022
371190036002,1357,813,316,0,69,0,129,30,2022
371190036003,908,79,483,0,9,0,337,0,2022
371190036004,423,94,312,0,17,0,0,0,2022
371190037011,1596,1459,11,0,66,0,7,53,2022
371190037012,132,0,132,0,0,0,0,0,2022
371190037021,1169,1020,85,0,28,0,26,10,2022
371190037022,1188,27,1018,7,0,0,136,0,2022
371190038021,1097,36,942,0,0,0,119,0,2022
371190038022,1537,23,1117,30,73,0,294,0,2022
371190038023,592,328,199,2,41,0,22,0,2022
371190038051,1351,800,214,0,184,0,29,124,2022
371190038052,2506,1067,504,17,584,0,292,42,2022
371190038071,1644,85,573,0,115,0,870,1,2022
371190038072,2937,393,1011,0,0,0,1503,30,2022
371190038081,2129,11,381,0,46,0,1691,0,2022
371190038082,966,134,134,3,0,0,695,0,2022
371190038083,3520,109,1361,0,43,0,2007,0,2022
371190038091,1447,455,369,0,262,0,361,0,2022
371190038092,2330,304,1205,0,364,0,409,48,2022
371190038101,2411,119,313,0,0,0,1979,0,2022
371190038102,2463,395,819,0,848,0,317,84,2022
371190038111,2270,288,1368,0,132,0,405,77,2022
371190039021,858,44,483,0,68,0,226,37,2022
371190039022,2133,17,1919,0,0,0,164,33,2022
371190039023,916,55,858,0,0,0,0,3,2022
371190039024,1414,54,950,0,14,0,389,7,2022
371190039031,898,10,670,0,27,0,159,32,2022
371190039032,1300,82,1004,0,65,0,129,20,2022
371190040001,352,69,260,0,0,0,23,0,2022
371190040002,894,84,344,0,234,0,166,66,2022
371190040003,1454,155,808,0,141,0,179,171,2022
371190040004,1269,321,565,0,0,0,265,118,2022
371190041011,1080,763,111,0,0,0,57,149,2022
371190041012,833,149,671,0,0,0,0,13,2022
371190041021,1096,90,739,0,0,0,189,78,2022
371190041022,1787,1232,217,0,161,0,58,119,2022
371190042001,533,89,339,0,0,0,105,0,2022
371190042002,636,94,513,0,0,0,3,26,2022
371190042003,421,27,332,0,1,0,37,24,2022
371190042004,1100,234,603,0,0,0,141,122,2022
371190043021,947,125,541,0,0,0,242,39,2022
371190043022,2700,149,2072,0,227,0,241,11,2022
371190043023,920,49,715,0,0,0,68,88,2022
371190043031,2962,370,1468,0,272,0,723,129,2022
371190043041,3384,231,1761,0,590,0,642,160,2022
371190043042,979,15,829,0,40,0,95,0,2022
371190043061,1107,158,665,0,0,0,95,189,2022
371190043062,2835,60,1549,0,0,0,1139,87,2022
371190043071,4766,1053,3175,0,197,0,318,23,2022
371190044001,932,211,457,0,56,0,197,11,2022
371190044002,1371,51,1034,0,75,0,197,14,2022
371190044003,1610,292,1003,0,74,0,241,0,2022
371190045001,1034,101,914,0,0,0,0,19,2022
371190045002,1203,89,603,81,257,0,116,57,2022
371190045003,921,289,526,0,21,0,6,79,2022
371190046001,1279,52,1218,0,0,0,9,0,2022
371190046002,1164,8,1061,0,0,0,95,0,2022
371190047001,1699,560,1006,0,19,8,38,68,2022
371190048001,1055,81,859,0,0,0,104,11,2022
371190048002,944,10,903,0,0,0,21,10,2022
371190048003,866,57,779,0,0,0,8,22,2022
371190049001,831,18,813,0,0,0,0,0,2022
371190050001,1274,59,1186,18,6,0,5,0,2022
371190050002,1340,439,651,0,98,0,75,77,2022
371190051001,1259,49,946,0,201,0,47,16,2022
371190051002,1391,231,1073,0,0,0,87,0,2022
371190052001,501,10,355,0,0,0,136,0,2022
371190052002,362,40,302,0,0,0,0,20,2022
371190052003,1069,168,789,0,0,0,91,21,2022
371190053011,3840,350,2369,0,24,0,1089,8,2022
371190053012,641,125,88,13,23,0,392,0,2022
371190053051,1166,11,772,0,0,0,383,0,2022
371190053052,1431,0,877,0,0,0,546,8,2022
371190053053,1648,43,1212,0,0,0,363,30,2022
371190053061,579,49,363,0,0,0,160,7,2022
371190053062,1679,151,715,0,0,0,813,0,2022
371190053071,2224,213,1391,0,75,0,442,103,2022
371190053072,2220,237,758,0,118,0,1049,58,2022
371190053081,1659,21,678,0,68,0,891,1,2022
371190053082,764,6,160,0,0,0,592,6,2022
371190054031,4579,333,2274,0,57,0,1135,780,2022
371190054032,1424,251,543,14,72,0,544,0,2022
371190054041,2285,151,1700,0,78,0,339,17,2022
371190054042,2154,324,1458,11,69,0,239,53,2022
371190054051,1441,101,1085,0,0,0,199,56,2022
371190054052,1479,152,808,0,37,0,148,334,2022
371190054061,2160,4,2145,0,0,0,0,11,2022
371190054062,1807,331,1157,0,0,0,236,83,2022
371190055081,2412,1006,1305,0,7,0,36,58,2022
371190055082,1894,1058,469,0,36,0,248,83,2022
371190055101,2517,47,1095,0,60,0,1315,0,2022
371190055102,2697,204,2358,0,20,0,81,34,2022
371190055103,1503,322,598,0,157,0,391,35,2022
371190055111,1329,200,1042,0,0,0,68,19,2022
371190055112,1545,246,1051,0,82,0,136,30,2022
371190055113,1099,356,704,0,14,0,20,5,2022
371190055121,1008,51,865,0,15,7,70,0,2022
371190055122,1875,170,1289,11,62,0,293,50,2022
371190055123,2771,337,1755,48,26,0,547,58,2022
371190055131,1827,370,1024,0,182,0,251,0,2022
371190055132,1195,596,349,0,47,0,54,149,2022
371190055133,1149,484,389,0,67,0,99,110,2022
371190055151,2610,1263,834,0,81,0,277,155,2022
371190055161,1950,934,863,0,27,0,77,49,2022
371190055171,842,592,117,0,0,0,46,87,2022
371190055172,1003,431,513,0,9,0,15,35,2022
371190055173,2204,951,784,0,83,0,275,111,2022
371190055191,2017,1299,330,0,109,0,251,28,2022
371190055192,692,69,130,0,460,0,17,16,2022
371190055193,2944,603,1802,36,93,7,368,35,2022
371190055201,774,149,233,0,0,0,335,57,2022
371190055202,2452,271,1525,0,371,0,153,132,2022
371190055203,1874,674,535,0,516,0,46,103,2022
371190055221,1958,1160,726,0,0,0,38,34,2022
371190055222,2162,578,1090,0,92,0,361,41,2022
371190055223,895,242,386,0,115,0,0,152,2022
371190055251,2438,729,880,0,61,0,682,86,2022
371190055252,2019,437,947,0,380,0,160,95,2022
371190055261,2079,609,899,0,177,0,350,44,2022
371190055262,859,104,732,0,0,0,0,23,2022
371190055271,3031,1208,1444,6,48,0,286,39,2022
371190055281,1701,820,799,12,0,0,17,53,2022
371190055282,2357,632,1656,0,0,0,69,0,2022
371190055291,1497,615,708,0,7,0,72,95,2022
371190055301,3317,844,1589,0,786,0,63,35,2022
371190055302,286,129,134,0,0,0,23,0,2022
371190055311,1175,90,1012,53,13,0,0,7,2022
371190055312,4809,2832,1418,0,0,14,464,81,2022
371190055321,1220,372,416,0,416,0,0,16,2022
371190055322,2917,623,1297,0,764,0,233,0,2022
371190055331,990,489,324,0,31,0,138,8,2022
371190055341,586,441,18,15,0,0,105,7,2022
371190055342,2108,807,771,24,248,0,25,233,2022
371190055343,2363,491,1375,0,360,0,97,40,2022
371190055351,961,262,143,0,462,0,76,18,2022
371190055352,3048,468,1905,25,300,0,229,121,2022
371190055361,1029,159,58,0,683,0,66,63,2022
371190055362,2031,211,1461,0,0,0,345,14,2022
371190055363,1502,766,607,0,83,0,32,14,2022
371190055364,1583,617,866,0,83,0,17,0,2022
371190056041,2056,752,963,0,152,0,68,121,2022
371190056042,2591,1285,644,0,245,2,220,195,2022
371190056043,1161,707,274,0,82,0,45,53,2022
371190056091,2260,563,1302,0,149,0,191,55,2022
371190056092,1224,164,344,0,664,0,10,42,2022
371190056101,994,256,476,40,10,0,118,94,2022
371190056102,1573,459,839,0,27,0,197,51,2022
371190056111,772,274,279,0,90,0,65,64,2022
371190056112,3225,418,2181,0,242,0,340,44,2022
371190056121,2744,763,872,0,53,0,787,269,2022
371190056122,3150,843,1564,0,207,0,491,45,2022
371190056131,3829,480,2393,0,213,0,579,164,2022
371190056151,2302,560,1215,0,109,0,355,63,2022
371190056161,2472,607,1323,0,55,0,408,79,2022
371190056171,1972,447,990,0,50,0,406,79,2022
371190056172,931,127,556,0,0,0,196,52,2022
371190056181,1634,901,547,4,0,0,113,69,2022
371190056182,1889,255,1334,0,23,0,155,122,2022
371190056191,2965,628,1539,19,92,0,527,160,2022
371190056192,1834,805,861,5,13,0,130,20,2022
371190056211,4276,2187,1387,9,208,0,378,107,2022
371190056212,1022,500,209,0,0,0,183,130,2022
371190056213,1033,397,563,0,10,0,54,9,2022
371190056221,939,209,568,0,57,0,76,29,2022
371190056222,805,157,530,0,30,0,42,46,2022
371190056231,1927,363,1247,0,30,0,287,0,2022
371190056232,1852,605,931,0,0,0,115,201,2022
371190056241,2930,712,1960,0,23,0,118,117,2022
371190056251,4103,1333,1787,0,179,40,470,294,2022
371190056252,2573,476,1760,0,259,0,78,0,2022
371190056261,3682,675,1946,0,0,0,755,306,2022
371190056271,2805,274,1715,0,0,0,761,55,2022
371190056272,2202,353,1402,0,12,0,413,22,2022
371190056273,2884,848,1470,0,167,0,365,34,2022
371190057091,2417,1423,750,0,73,0,113,58,2022
371190057092,2226,1442,263,21,280,0,121,99,2022
371190057101,2292,1044,292,0,253,0,670,33,2022
371190057102,2632,1134,1023,0,24,0,363,88,2022
371190057121,1922,1480,150,0,51,0,60,181,2022
371190057122,1504,1278,63,0,16,0,101,46,2022
371190057131,2298,1893,82,7,227,0,54,35,2022
371190057132,2100,1599,34,0,43,0,353,71,2022
371190057141,3107,2362,463,0,87,0,117,78,2022
371190057142,1454,1206,40,0,124,0,16,68,2022
371190057143,1534,1362,129,0,7,0,0,36,2022
371190057151,2932,2276,405,0,7,0,196,48,2022
371190057161,2105,1123,467,0,245,0,235,35,2022
371190057162,3430,1048,885,14,94,0,1247,142,2022
371190057181,2223,1084,614,0,94,0,252,179,2022
371190057182,1449,950,263,0,0,0,139,97,2022
371190057191,1928,1129,358,0,0,0,429,12,2022
371190057192,1419,1035,195,0,163,0,20,6,2022
371190057201,2147,1753,123,0,257,0,0,14,2022
371190057211,542,385,37,0,19,0,78,23,2022
371190057212,3052,2575,297,8,41,0,119,12,2022
371190057221,2128,1371,312,0,202,0,163,80,2022
371190057231,1742,753,663,15,141,0,153,17,2022
371190057232,1521,547,389,6,152,0,364,63,2022
371190058111,1473,871,144,0,190,0,241,27,2022
371190058112,732,302,65,0,18,0,347,0,2022
371190058113,2022,1631,143,0,24,0,206,18,2022
371190058151,2652,2019,176,0,248,0,184,25,2022
371190058152,826,691,48,0,29,0,8,50,2022
371190058161,3046,2281,219,3,161,0,349,33,2022
371190058162,1139,835,132,65,43,0,35,29,2022
371190058171,959,655,55,0,93,0,121,35,2022
371190058172,3348,2553,157,0,428,0,137,73,2022
371190058241,2815,153,1312,0,94,0,1071,185,2022
371190058242,1990,1317,104,0,113,0,317,139,2022
371190058261,617,203,44,0,9,0,330,31,2022
371190058262,2437,988,329,0,56,0,785,279,2022
371190058271,2400,571,991,0,45,0,629,164,2022
371190058281,2374,2057,237,0,0,0,51,29,2022
371190058282,342,342,0,0,0,0,0,0,2022
371190058283,951,750,117,0,11,0,59,14,2022
371190058291,847,180,589,0,44,0,14,20,2022
371190058292,1169,287,255,0,24,0,551,52,2022
371190058301,1363,693,394,0,25,0,232,19,2022
371190058302,2267,1396,267,0,15,0,463,126,2022
371190058321,2978,2249,23,0,411,0,151,144,2022
371190058331,968,754,0,0,0,0,162,52,2022
371190058332,2947,2157,71,0,673,0,35,11,2022
371190058333,1622,1165,362,0,34,0,61,0,2022
371190058341,2978,1908,454,0,32,0,277,307,2022
371190058342,1463,1029,210,0,49,0,113,62,2022
371190058351,2456,2210,17,21,103,0,96,9,2022
371190058361,2868,1582,80,0,137,0,1029,40,2022
371190058362,1061,561,177,21,152,0,146,4,2022
371190058391,1096,390,194,0,75,0,239,198,2022
371190058392,1369,1110,35,0,103,0,40,81,2022
371190058401,2085,1468,287,0,173,0,112,45,2022
371190058431,1342,844,58,0,254,0,62,124,2022
371190058432,1832,839,251,0,390,0,312,40,2022
371190058451,1114,655,9,19,337,0,21,73,2022
371190058452,3616,998,231,0,1274,0,226,887,2022
371190058453,1767,1091,20,0,414,0,17,225,2022
371190058461,1442,1173,113,0,96,0,5,55,2022
371190058462,2331,1767,123,0,146,47,208,40,2022
371190058471,1860,1413,14,0,330,0,64,39,2022
371190058472,2659,1996,171,0,262,0,153,77,2022
371190058473,968,308,215,0,438,0,7,0,2022
371190058481,1961,1520,84,0,165,0,161,31,2022
371190058482,2237,1769,19,7,273,0,169,0,2022
371190058483,818,667,9,0,0,0,101,41,2022
371190058491,823,802,4,0,0,0,14,3,2022
371190058492,2843,1849,491,0,371,0,72,60,2022
371190058501,2712,1888,65,0,467,0,210,82,2022
371190058511,2125,1393,581,0,47,0,83,21,2022
371190058512,2543,1472,524,0,61,13,209,264,2022
371190058521,2058,1787,128,10,0,0,133,0,2022
371190058531,1988,689,341,0,27,0,915,16,2022
371190058532,253,179,74,0,0,0,0,0,2022
371190058541,2718,463,471,0,451,0,677,656,2022
371190058551,1937,1045,59,0,292,0,421,120,2022
371190058552,1076,1006,0,0,22,0,0,48,2022
371190058553,1598,1156,176,0,188,0,59,19,2022
371190058561,2600,1303,493,51,618,0,90,45,2022
371190058571,2109,1159,175,5,407,0,232,131,2022
371190058581,1461,523,96,0,553,0,289,0,2022
371190058582,2620,1341,565,22,492,0,148,52,2022
371190058591,2635,1902,181,0,414,0,89,49,2022
371190058601,3060,1695,248,6,771,0,98,242,2022
371190058602,1462,973,125,0,176,0,188,0,2022
371190058611,1625,1210,34,0,294,0,80,7,2022
371190058612,1073,891,0,0,0,0,141,41,2022
371190058621,3142,2298,91,15,361,0,119,258,2022
371190058631,1902,1307,161,0,307,0,65,62,2022
371190058632,1944,979,383,0,381,0,83,118,2022
371190058641,1711,999,250,0,211,0,234,17,2022
371190058642,3211,1668,191,0,1099,0,20,233,2022
371190058651,2098,1526,333,3,101,0,125,10,2022
371190058661,1905,1108,499,0,0,0,225,73,2022
371190058662,1977,538,775,0,0,0,472,192,2022
371190058663,342,94,59,0,162,0,0,27,2022
371190058671,527,94,161,0,140,0,0,132,2022
371190058672,3201,1099,1131,0,213,0,753,5,2022
371190058681,2733,1769,341,14,59,0,104,446,2022
371190059081,2291,1326,421,0,357,0,98,89,2022
371190059101,3063,640,1774,0,59,0,481,109,2022
371190059102,2904,559,792,0,39,9,554,951,2022
371190059131,1795,556,423,0,78,0,738,0,2022
371190059132,2241,507,896,0,705,0,106,27,2022
371190059133,1379,295,477,0,79,0,521,7,2022
371190059134,1407,298,275,0,80,0,754,0,2022
371190059151,517,176,264,0,10,0,67,0,2022
371190059152,2311,437,1344,0,78,0,342,110,2022
371190059161,1335,128,683,0,88,41,324,71,2022
371190059162,1232,13,702,0,0,0,487,30,2022
371190059181,1312,530,143,0,0,0,561,78,2022
371190059182,1115,308,409,0,100,0,198,100,2022
371190059183,3038,768,1201,0,46,0,991,32,2022
371190059191,2310,1384,413,0,147,0,268,98,2022
371190059192,928,398,0,0,185,0,303,42,2022
371190059201,1896,549,178,0,32,0,1137,0,2022
371190059202,406,190,118,0,0,0,38,60,2022
371190059211,4010,1376,1713,0,328,0,303,290,2022
371190059221,2343,1056,500,0,270,0,414,103,2022
371190059222,1589,304,768,0,93,0,333,91,2022
371190059231,2680,730,1254,0,311,0,291,94,2022
371190059232,3064,299,1437,0,648,0,680,0,2022
371190059241,3610,1753,1048,0,50,0,725,34,2022
371190059242,3086,1323,854,0,338,0,543,28,2022
371190059251,3196,1348,833,0,469,0,379,167,2022
371190059261,5376,2742,1462,0,561,0,394,217,2022
371190059262,2200,1479,163,10,336,0,28,184,2022
371190059271,6079,879,3257,0,318,0,1040,585,2022
371190059272,2073,360,1276,135,18,0,157,127,2022
371190059281,1760,630,713,60,0,0,357,0,2022
371190059291,3318,1041,1477,0,134,0,586,80,2022
371190059292,1197,506,467,0,43,0,118,63,2022
371190059301,3077,1106,744,0,0,0,821,406,2022
371190059311,1280,431,613,0,16,0,95,125,2022
371190059312,2762,959,818,0,114,0,677,194,2022
371190059321,2448,651,771,0,549,0,135,342,2022
371190060051,1455,487,570,0,88,0,188,122,2022
371190060052,1954,957,637,0,0,0,360,0,2022
371190060081,1311,618,627,0,0,0,29,37,2022
371190060082,2070,613,912,0,118,0,198,229,2022
371190060091,1270,581,483,9,101,0,85,11,2022
371190060092,1974,492,1142,33,95,0,105,107,2022
371190060111,3277,866,2203,0,48,0,74,86,2022
371190060121,3251,470,2130,0,135,0,359,157,2022
371190060122,1644,980,87,2,390,0,82,103,2022
371190060131,2044,237,1454,0,167,0,186,0,2022
371190060132,2566,136,2093,0,88,0,249,0,2022
371190060141,1879,1002,333,0,42,0,486,16,2022
371190060142,2122,975,911,0,69,0,124,43,2022
371190060151,1384,955,332,0,0,0,97,0,2022
371190060152,2715,645,1660,0,98,0,312,0,2022
371190060161,1497,37,618,0,266,0,576,0,2022
371190060162,1125,127,937,0,0,0,0,61,2022
371190061031,1969,1321,534,0,23,0,36,55,2022
371190061032,2627,1120,864,0,367,0,43,233,2022
371190061051,2856,1268,1166,0,133,0,141,148,2022
371190061081,2715,679,1705,0,155,0,107,69,2022
371190061082,1851,310,1090,0,25,7,379,40,2022
371190061091,3190,143,2496,0,73,0,468,10,2022
371190061101,1352,501,750,0,101,0,0,0,2022
371190061102,1560,180,900,0,0,0,480,0,2022
371190061103,2667,749,1495,0,201,0,156,66,2022
371190061111,1952,531,1253,31,0,0,123,14,2022
371190061112,1935,682,921,8,0,0,246,78,2022
371190061121,1345,301,752,0,33,0,204,55,2022
371190061122,1113,204,626,0,150,0,109,24,2022
371190061131,1004,486,459,0,0,0,11,48,2022
371190061132,2464,751,1583,0,48,0,69,13,2022
371190061141,822,253,197,0,19,0,345,8,2022
371190061142,2621,429,1256,9,174,0,676,77,2022
371190061151,3193,256,2194,0,527,0,192,24,2022
371190061152,977,72,566,0,19,0,300,20,2022
371190062081,924,833,4,0,22,0,37,28,2022
371190062082,2817,2549,67,0,79,0,65,57,2022
371190062091,962,519,382,0,0,0,0,61,2022
371190062092,1770,1311,212,0,46,0,159,42,2022
371190062093,2192,1953,93,0,26,0,29,91,2022
371190062101,2464,2045,256,0,30,0,78,55,2022
371190062102,2105,1250,239,0,455,0,112,49,2022
371190062111,3106,2691,128,2,14,0,146,125,2022
371190062112,3177,2705,74,0,147,0,229,22,2022
371190062121,3260,1972,547,2,407,0,210,122,2022
371190062122,1167,766,126,0,0,0,142,133,2022
371190062141,1315,971,20,0,44,0,154,126,2022
371190062142,2744,1975,380,0,121,0,224,44,2022
371190062161,2042,1892,70,0,0,0,65,15,2022
371190062171,1231,1177,0,0,0,0,0,54,2022
371190062172,1765,1605,0,0,0,0,144,16,2022
371190062181,3069,2722,66,0,51,0,80,150,2022
371190062191,2995,2438,15,0,93,0,108,341,2022
371190062201,1312,1138,0,0,68,0,42,64,2022
371190062202,1554,1477,0,0,0,0,65,12,2022
371190062211,4297,2941,724,0,66,14,279,273,2022
371190062221,1086,920,0,0,116,0,0,50,2022
371190062222,2718,2100,569,0,38,0,0,11,2022
371190062231,2661,1682,718,0,0,0,193,68,2022
371190062241,3182,1983,511,0,0,11,677,0,2022
371190063051,4138,1790,1380,0,291,0,555,122,2022
371190063061,1342,954,213,0,87,0,48,40,2022
371190063071,3899,2777,523,0,373,0,168,58,2022
371190063072,1521,573,682,0,134,0,93,39,2022
371190063081,4036,3608,137,0,53,0,155,83,2022
371190063091,1813,1125,313,0,0,0,350,25,2022
371190063101,3485,2661,110,7,101,0,420,186,2022
371190063111,620,504,37,0,35,0,0,44,2022
371190063112,3351,2872,52,12,0,0,166,249,2022
371190064031,2456,1487,684,0,17,0,206,62,2022
371190064032,1610,1090,251,0,97,5,46,121,2022
371190064033,1903,1613,8,0,82,0,0,200,2022
371190064041,2316,2131,0,0,0,0,129,56,2022
371190064042,2346,1969,210,0,0,0,48,119,2022
371190064043,2567,2102,69,0,206,0,10,180,2022
371190064071,1067,917,114,0,9,0,15,12,2022
371190064072,3043,2294,58,0,197,0,75,419,2022
371190064081,1168,1075,9,0,0,0,78,6,2022
371190064082,1598,1194,128,0,38,0,49,189,2022
371190064091,3334,3082,119,0,46,0,87,0,2022
371190064101,1846,1406,50,0,47,0,278,65,2022
371190064102,1632,1147,98,0,71,0,179,137,2022
371190064111,1862,734,284,0,315,0,529,0,2022
371190064112,1053,959,27,0,0,0,67,0,2022
371199801001,0,0,0,0,0,0,0,0,2022
371199802001,0,0,0,0,0,0,0,0,2022
371199803001,0,0,0,0,0,0,0,0,2022
